"No.","Time","Source","Destination","Protocol","Length","Info"
"1","0.000000","fe80::819:c2ea:23e2:a775","fe80::141a:c4bd:9987:e3ee","ICMPv6","86","Neighbor Solicitation for fe80::141a:c4bd:9987:e3ee from 8c:85:90:0c:ec:ad"
"2","0.116924","fe80::cab:109b:a202:611a","fe80::819:c2ea:23e2:a775","ICMPv6","86","Neighbor Solicitation for fe80::819:c2ea:23e2:a775 from b8:e8:56:7a:6a:85"
"3","0.524540","fe80::819:c2ea:23e2:a775","fe80::cab:109b:a202:611a","ICMPv6","78","Neighbor Advertisement fe80::819:c2ea:23e2:a775 (sol)"
"4","0.524592","192.168.103.163","17.248.133.174","TLSv1.2","271","Application Data"
"5","0.524593","192.168.103.163","17.248.133.174","TLSv1.2","1128","Application Data"
"6","0.524593","192.168.103.163","17.248.133.174","TLSv1.2","710","Application Data"
"7","0.524594","192.168.103.163","17.248.133.174","TLSv1.2","104","Application Data"
"8","0.564047","17.248.133.174","192.168.103.163","TCP","66","443  >  50393 [ACK] Seq=1 Ack=1268 Win=1562 Len=0 TSval=15536127 TSecr=300159980"
"9","0.564054","17.248.133.174","192.168.103.163","TLSv1.2","108","Application Data"
"10","0.564055","17.248.133.174","192.168.103.163","TCP","66","443  >  50393 [ACK] Seq=43 Ack=1950 Win=1631 Len=0 TSval=15536127 TSecr=300159980"
"11","0.564183","192.168.103.163","17.248.133.174","TCP","66","50393  >  443 [ACK] Seq=1950 Ack=43 Win=2047 Len=0 TSval=300160060 TSecr=15536127"
"12","0.676675","fe80::819:c2ea:23e2:a775","fe80::141a:c4bd:9987:e3ee","ICMPv6","86","Neighbor Solicitation for fe80::141a:c4bd:9987:e3ee from 8c:85:90:0c:ec:ad"
"13","0.681909","fe80::141a:c4bd:9987:e3ee","fe80::819:c2ea:23e2:a775","ICMPv6","78","Neighbor Advertisement fe80::141a:c4bd:9987:e3ee (sol)"
"14","0.701558","17.248.133.174","192.168.103.163","TLSv1.2","1329","Application Data"
"15","0.857239","192.168.103.163","17.248.133.174","TCP","66","50393  >  443 [ACK] Seq=1950 Ack=1306 Win=2028 Len=0 TSval=300160196 TSecr=15536259"
"16","0.875718","fe80::8f5:ca64:a9:714a","ff02::fb","MDNS","386","Standard query 0x0000 PTR _companion-link._tcp.local, ""QM"" question PTR _homekit._tcp.local, ""QM"" question PTR Leviathan._companion-link._tcp.local PTR iPad de Luis Enrique B._companion-link._tcp.local PTR Chadâ\200\231s iPad._companion-link._tcp.local PTR Joeâ\200\231s Ipad (2)._companion-link._tcp.local PTR Jesse iPad 2._companion-link._tcp.local PTR 000-i13-PRO-000._companion-link._tcp.local PTR iPad (66)._companion-link._tcp.local PTR e23482 IF-EFB2 03560._companion-link._tcp.local OPT"
"17","1.009759","192.168.103.163","17.248.133.174","TCP","54","[TCP Keep-Alive] 50393  >  443 [ACK] Seq=1949 Ack=1306 Win=2048 Len=0"
"18","1.043268","17.248.133.174","192.168.103.163","TCP","66","[TCP Keep-Alive ACK] 443  >  50393 [ACK] Seq=1306 Ack=1950 Win=1631 Len=0 TSval=15536606 TSecr=300160196"
"19","1.687759","fe80::819:c2ea:23e2:a775","fe80::8f5:ca64:a9:714a","ICMPv6","86","Neighbor Solicitation for fe80::8f5:ca64:a9:714a from 8c:85:90:0c:ec:ad"
"20","1.691049","fe80::8f5:ca64:a9:714a","fe80::819:c2ea:23e2:a775","ICMPv6","78","Neighbor Advertisement fe80::8f5:ca64:a9:714a (sol)"
"21","2.617315","fe80::141a:c4bd:9987:e3ee","ff02::fb","MDNS","214","Standard query response 0x0000 PTR 80:82:23:55:46:91@fe80::8282:23ff:fe55:4691._apple-mobdev2._tcp.local PTR 80:82:23:55:46:91@fe80::8282:23ff:fe55:4691._apple-mobdev2._tcp.local OPT"
"22","2.780331","192.168.103.163","17.249.57.246","TCP","78","50480  >  443 [SYN] Seq=0 Win=65535 Len=0 MSS=1460 WS=64 TSval=300162271 TSecr=0 SACK_PERM=1"
"23","2.799787","17.249.57.246","192.168.103.163","TCP","74","443  >  50480 [SYN, ACK] Seq=0 Ack=1 Win=28960 Len=0 MSS=1460 TSval=1926929499 TSecr=300162271 WS=512"
"24","2.955014","192.168.103.163","17.249.57.246","TLSv1.3","692","Client Hello"
"25","2.972060","17.249.57.246","192.168.103.163","TLSv1.3","307","Server Hello, Change Cipher Spec, Application Data, Application Data"
"26","2.972121","192.168.103.163","17.249.57.246","TCP","66","50480  >  443 [ACK] Seq=627 Ack=242 Win=131520 Len=0 TSval=300162461 TSecr=1926929672"
"27","2.972429","192.168.103.163","17.249.57.246","TLSv1.3","146","Change Cipher Spec, Application Data"
"28","3.044040","17.249.57.246","192.168.103.163","TCP","66","443  >  50480 [ACK] Seq=242 Ack=707 Win=30720 Len=0 TSval=1926929730 TSecr=300162461"
"29","3.229758","fe80::f09d:6467:40d6:b06e","ff02::1:3","LLMNR","86","Standard query 0x18ca A isatap"
"30","3.230427","Apple_b0:6c:11","Broadcast","LLC","56","S P, func=RNR, N(R)=64; DSAP NULL LSAP Individual, SSAP NULL LSAP Command"
"31","3.537141","192.168.102.244","192.168.103.255","NBNS","92","Name query NB ISATAP<00>"
"32","4.262890","192.168.102.244","192.168.103.255","NBNS","92","Name query NB ISATAP<00>"
"33","4.528991","192.168.103.163","129.108.0.145","TCP","78","50481  >  443 [SYN] Seq=0 Win=65535 Len=0 MSS=1460 WS=64 TSval=300163808 TSecr=0 SACK_PERM=1"
"34","4.563476","129.108.0.145","192.168.103.163","TCP","58","443  >  50481 [SYN, ACK] Seq=0 Ack=1 Win=8190 Len=0 MSS=1330"
"35","4.563561","192.168.103.163","129.108.0.145","TCP","54","50481  >  443 [ACK] Seq=1 Ack=1 Win=65535 Len=0"
"36","4.563980","192.168.103.163","129.108.0.145","TLSv1.2","571","Client Hello"
"37","4.611085","129.108.0.145","192.168.103.163","TLSv1.2","161","Server Hello, Change Cipher Spec"
"38","4.611137","192.168.103.163","129.108.0.145","TCP","54","50481  >  443 [ACK] Seq=518 Ack=108 Win=65535 Len=0"
"39","4.611216","129.108.0.145","192.168.103.163","TLSv1.2","99","Encrypted Handshake Message"
"40","4.611240","192.168.103.163","129.108.0.145","TCP","54","50481  >  443 [ACK] Seq=518 Ack=153 Win=65535 Len=0"
"41","4.611374","192.168.103.163","129.108.0.145","TLSv1.2","105","Change Cipher Spec, Encrypted Handshake Message"
"42","4.611874","192.168.103.163","129.108.0.145","TLSv1.2","655","Application Data"
"43","4.644625","129.108.0.145","192.168.103.163","TCP","56","443  >  50481 [ACK] Seq=153 Ack=569 Win=34603 Len=0"
"44","4.645824","129.108.0.145","192.168.103.163","TCP","56","443  >  50481 [ACK] Seq=153 Ack=1170 Win=34002 Len=0"
"45","4.656658","129.108.0.145","192.168.103.163","TCP","1384","443  >  50481 [ACK] Seq=153 Ack=1170 Win=39878 Len=1330 [TCP segment of a reassembled PDU]"
"46","4.656663","129.108.0.145","192.168.103.163","TCP","1384","443  >  50481 [ACK] Seq=1483 Ack=1170 Win=39878 Len=1330 [TCP segment of a reassembled PDU]"
"47","4.656699","129.108.0.145","192.168.103.163","TCP","1384","443  >  50481 [ACK] Seq=2813 Ack=1170 Win=39878 Len=1330 [TCP segment of a reassembled PDU]"
"48","4.656783","192.168.103.163","129.108.0.145","TCP","54","50481  >  443 [ACK] Seq=1170 Ack=2813 Win=65535 Len=0"
"49","4.656890","129.108.0.145","192.168.103.163","TCP","1384","443  >  50481 [ACK] Seq=4143 Ack=1170 Win=39878 Len=1330 [TCP segment of a reassembled PDU]"
"50","4.656961","192.168.103.163","129.108.0.145","TCP","54","50481  >  443 [ACK] Seq=1170 Ack=5473 Win=65535 Len=0"
"51","4.690989","129.108.0.145","192.168.103.163","TCP","1384","443  >  50481 [ACK] Seq=5473 Ack=1170 Win=39878 Len=1330 [TCP segment of a reassembled PDU]"
"52","4.691289","129.108.0.145","192.168.103.163","TLSv1.2","1384","Application Data"
"53","4.691359","192.168.103.163","129.108.0.145","TCP","54","50481  >  443 [ACK] Seq=1170 Ack=8133 Win=65535 Len=0"
"54","4.691536","129.108.0.145","192.168.103.163","TCP","1384","443  >  50481 [ACK] Seq=8133 Ack=1170 Win=39878 Len=1330 [TCP segment of a reassembled PDU]"
"55","4.691540","129.108.0.145","192.168.103.163","TCP","1384","443  >  50481 [ACK] Seq=9463 Ack=1170 Win=39878 Len=1330 [TCP segment of a reassembled PDU]"
"56","4.691621","192.168.103.163","129.108.0.145","TCP","54","50481  >  443 [ACK] Seq=1170 Ack=10793 Win=65535 Len=0"
"57","4.691727","129.108.0.145","192.168.103.163","TLSv1.2","1079","Application Data"
"58","4.691794","192.168.103.163","129.108.0.145","TCP","54","50481  >  443 [ACK] Seq=1170 Ack=11818 Win=65535 Len=0"
"59","5.053619","192.168.103.163","4.2.2.2","DNS","80","Standard query 0xc104 A cloud.typography.com"
"60","5.053651","192.168.103.163","23.211.41.107","TCP","78","50482  >  443 [SYN] Seq=0 Win=65535 Len=0 MSS=1460 WS=64 TSval=300164428 TSecr=0 SACK_PERM=1"
"61","5.075190","23.211.41.107","192.168.103.163","TCP","74","443  >  50482 [SYN, ACK] Seq=0 Ack=1 Win=28960 Len=0 MSS=1460 SACK_PERM=1 TSval=1624519521 TSecr=300164428 WS=128"
"62","5.075314","192.168.103.163","23.211.41.107","TCP","66","50482  >  443 [ACK] Seq=1 Ack=1 Win=131712 Len=0 TSval=300164555 TSecr=1624519521"
"63","5.076106","192.168.103.163","23.211.41.107","TLSv1.2","583","Client Hello"
"64","5.093641","23.211.41.107","192.168.103.163","TCP","66","443  >  50482 [ACK] Seq=1 Ack=518 Win=30080 Len=0 TSval=1624519543 TSecr=300164555"
"65","5.095827","23.211.41.107","192.168.103.163","TLSv1.2","1514","Server Hello"
"66","5.095829","23.211.41.107","192.168.103.163","TCP","1514","443  >  50482 [ACK] Seq=1449 Ack=518 Win=30080 Len=1448 TSval=1624519545 TSecr=300164555 [TCP segment of a reassembled PDU]"
"67","5.095877","192.168.103.163","23.211.41.107","TCP","66","50482  >  443 [ACK] Seq=518 Ack=2897 Win=128832 Len=0 TSval=300164574 TSecr=1624519545"
"68","5.095957","23.211.41.107","192.168.103.163","TLSv1.2","945","Certificate, Certificate Status, Server Key Exchange, Server Hello Done"
"69","5.095981","192.168.103.163","23.211.41.107","TCP","66","50482  >  443 [ACK] Seq=518 Ack=3776 Win=130176 Len=0 TSval=300164574 TSecr=1624519545"
"70","5.098927","4.2.2.2","192.168.103.163","DNS","178","Standard query response 0xc104 A cloud.typography.com CNAME wildcard.typography.com.edgekey.net CNAME e7100.g.akamaiedge.net A 23.204.23.50"
"71","5.101407","192.168.103.163","23.211.41.107","TLSv1.2","192","Client Key Exchange, Change Cipher Spec, Encrypted Handshake Message"
"72","5.116810","23.211.41.107","192.168.103.163","TLSv1.2","117","Change Cipher Spec, Encrypted Handshake Message"
"73","5.116929","192.168.103.163","23.211.41.107","TCP","66","50482  >  443 [ACK] Seq=644 Ack=3827 Win=131008 Len=0 TSval=300164594 TSecr=1624519568"
"74","5.118277","192.168.103.163","23.211.41.107","TLSv1.2","447","Application Data"
"75","5.175788","23.211.41.107","192.168.103.163","TCP","66","443  >  50482 [ACK] Seq=3827 Ack=1025 Win=31104 Len=0 TSval=1624519624 TSecr=300164595"
"76","5.176425","23.211.41.107","192.168.103.163","TLSv1.2","704","Application Data"
"77","5.176533","192.168.103.163","23.211.41.107","TCP","66","50482  >  443 [ACK] Seq=1025 Ack=4465 Win=130432 Len=0 TSval=300164652 TSecr=1624519628"
"78","5.179637","192.168.103.163","129.108.0.145","TLSv1.2","700","Application Data"
"79","5.213450","129.108.0.145","192.168.103.163","TCP","56","443  >  50481 [ACK] Seq=11818 Ack=1816 Win=40312 Len=0"
"80","5.223700","129.108.0.145","192.168.103.163","TCP","1384","443  >  50481 [ACK] Seq=11818 Ack=1816 Win=40312 Len=1330 [TCP segment of a reassembled PDU]"
"81","5.223707","129.108.0.145","192.168.103.163","TCP","1384","443  >  50481 [ACK] Seq=13148 Ack=1816 Win=40312 Len=1330 [TCP segment of a reassembled PDU]"
"82","5.223825","192.168.103.163","129.108.0.145","TCP","54","50481  >  443 [ACK] Seq=1816 Ack=14478 Win=65535 Len=0"
"83","5.224033","129.108.0.145","192.168.103.163","TCP","1384","443  >  50481 [ACK] Seq=14478 Ack=1816 Win=40312 Len=1330 [TCP segment of a reassembled PDU]"
"84","5.224038","129.108.0.145","192.168.103.163","TCP","1384","443  >  50481 [ACK] Seq=15808 Ack=1816 Win=40312 Len=1330 [TCP segment of a reassembled PDU]"
"85","5.224200","129.108.0.145","192.168.103.163","TCP","1384","443  >  50481 [ACK] Seq=17138 Ack=1816 Win=40312 Len=1330 [TCP segment of a reassembled PDU]"
"86","5.224227","192.168.103.163","129.108.0.145","TCP","54","50481  >  443 [ACK] Seq=1816 Ack=17138 Win=65535 Len=0"
"87","5.224778","129.108.0.145","192.168.103.163","TLSv1.2","1384","Application Data"
"88","5.224783","129.108.0.145","192.168.103.163","TCP","1384","443  >  50481 [ACK] Seq=19798 Ack=1816 Win=40312 Len=1330 [TCP segment of a reassembled PDU]"
"89","5.224863","192.168.103.163","129.108.0.145","TCP","54","50481  >  443 [ACK] Seq=1816 Ack=19798 Win=65535 Len=0"
"90","5.224946","129.108.0.145","192.168.103.163","TCP","1384","443  >  50481 [ACK] Seq=21128 Ack=1816 Win=40312 Len=1330 [TCP segment of a reassembled PDU]"
"91","5.225021","192.168.103.163","129.108.0.145","TCP","54","50481  >  443 [ACK] Seq=1816 Ack=22458 Win=65535 Len=0"
"92","5.225127","129.108.0.145","192.168.103.163","TCP","1384","443  >  50481 [ACK] Seq=22458 Ack=1816 Win=40312 Len=1330 [TCP segment of a reassembled PDU]"
"93","5.225319","129.108.0.145","192.168.103.163","TCP","1384","443  >  50481 [ACK] Seq=23788 Ack=1816 Win=40312 Len=1330 [TCP segment of a reassembled PDU]"
"94","5.225397","192.168.103.163","129.108.0.145","TCP","54","50481  >  443 [ACK] Seq=1816 Ack=25118 Win=65535 Len=0"
"95","5.225664","129.108.0.145","192.168.103.163","TCP","1384","443  >  50481 [ACK] Seq=25118 Ack=1816 Win=40312 Len=1330 [TCP segment of a reassembled PDU]"
"96","5.225668","129.108.0.145","192.168.103.163","TLSv1.2","1384","Application Data"
"97","5.225718","192.168.103.163","129.108.0.145","TCP","54","50481  >  443 [ACK] Seq=1816 Ack=27778 Win=65535 Len=0"
"98","5.262350","129.108.0.145","192.168.103.163","TCP","1384","443  >  50481 [ACK] Seq=27778 Ack=1816 Win=40312 Len=1330 [TCP segment of a reassembled PDU]"
"99","5.262358","129.108.0.145","192.168.103.163","TCP","1384","443  >  50481 [ACK] Seq=29108 Ack=1816 Win=40312 Len=1330 [TCP segment of a reassembled PDU]"
"100","5.262473","192.168.103.163","129.108.0.145","TCP","54","50481  >  443 [ACK] Seq=1816 Ack=30438 Win=65535 Len=0"
"101","5.262564","129.108.0.145","192.168.103.163","TCP","1384","443  >  50481 [ACK] Seq=30438 Ack=1816 Win=40312 Len=1330 [TCP segment of a reassembled PDU]"
"102","5.262567","129.108.0.145","192.168.103.163","TCP","1384","443  >  50481 [ACK] Seq=31768 Ack=1816 Win=40312 Len=1330 [TCP segment of a reassembled PDU]"
"103","5.262651","192.168.103.163","129.108.0.145","TCP","54","50481  >  443 [ACK] Seq=1816 Ack=33098 Win=65535 Len=0"
"104","5.263109","129.108.0.145","192.168.103.163","TCP","1384","443  >  50481 [ACK] Seq=33098 Ack=1816 Win=40312 Len=1330 [TCP segment of a reassembled PDU]"
"105","5.263116","129.108.0.145","192.168.103.163","TLSv1.2","1384","Application Data"
"106","5.263226","192.168.103.163","129.108.0.145","TCP","54","50481  >  443 [ACK] Seq=1816 Ack=35758 Win=65535 Len=0"
"107","5.263682","129.108.0.145","192.168.103.163","TCP","1384","443  >  50481 [ACK] Seq=35758 Ack=1816 Win=40312 Len=1330 [TCP segment of a reassembled PDU]"
"108","5.263687","129.108.0.145","192.168.103.163","TCP","1384","443  >  50481 [ACK] Seq=37088 Ack=1816 Win=40312 Len=1330 [TCP segment of a reassembled PDU]"
"109","5.263832","129.108.0.145","192.168.103.163","TCP","1384","443  >  50481 [ACK] Seq=38418 Ack=1816 Win=40312 Len=1330 [TCP segment of a reassembled PDU]"
"110","5.263869","192.168.103.163","129.108.0.145","TCP","54","50481  >  443 [ACK] Seq=1816 Ack=38418 Win=65535 Len=0"
"111","5.264285","129.108.0.145","192.168.103.163","TCP","1384","443  >  50481 [ACK] Seq=39748 Ack=1816 Win=40312 Len=1330 [TCP segment of a reassembled PDU]"
"112","5.264292","129.108.0.145","192.168.103.163","TCP","1384","443  >  50481 [ACK] Seq=41078 Ack=1816 Win=40312 Len=1330 [TCP segment of a reassembled PDU]"
"113","5.264450","192.168.103.163","129.108.0.145","TCP","54","50481  >  443 [ACK] Seq=1816 Ack=41078 Win=65535 Len=0"
"114","5.264615","129.108.0.145","192.168.103.163","TLSv1.2","1384","Application Data"
"115","5.264619","129.108.0.145","192.168.103.163","TCP","1384","443  >  50481 [ACK] Seq=43738 Ack=1816 Win=40312 Len=1330 [TCP segment of a reassembled PDU]"
"116","5.264669","192.168.103.163","129.108.0.145","TCP","54","50481  >  443 [ACK] Seq=1816 Ack=43738 Win=65535 Len=0"
"117","5.264793","129.108.0.145","192.168.103.163","TCP","1384","443  >  50481 [ACK] Seq=45068 Ack=1816 Win=40312 Len=1330 [TCP segment of a reassembled PDU]"
"118","5.264845","192.168.103.163","129.108.0.145","TCP","54","50481  >  443 [ACK] Seq=1816 Ack=46398 Win=65535 Len=0"
"119","5.265317","129.108.0.145","192.168.103.163","TCP","1384","443  >  50481 [ACK] Seq=46398 Ack=1816 Win=40312 Len=1330 [TCP segment of a reassembled PDU]"
"120","5.272526","129.108.0.145","192.168.103.163","TCP","1384","443  >  50481 [ACK] Seq=47728 Ack=1816 Win=40312 Len=1330 [TCP segment of a reassembled PDU]"
"121","5.272532","129.108.0.145","192.168.103.163","TCP","1384","443  >  50481 [ACK] Seq=49058 Ack=1816 Win=40312 Len=1330 [TCP segment of a reassembled PDU]"
"122","5.272641","192.168.103.163","129.108.0.145","TCP","54","50481  >  443 [ACK] Seq=1816 Ack=49058 Win=65535 Len=0"
"123","5.272761","129.108.0.145","192.168.103.163","TLSv1.2","1384","Application Data"
"124","5.272767","129.108.0.145","192.168.103.163","TCP","1384","443  >  50481 [ACK] Seq=51718 Ack=1816 Win=40312 Len=1330 [TCP segment of a reassembled PDU]"
"125","5.272848","192.168.103.163","129.108.0.145","TCP","54","50481  >  443 [ACK] Seq=1816 Ack=51718 Win=65535 Len=0"
"126","5.272954","129.108.0.145","192.168.103.163","TCP","1384","443  >  50481 [ACK] Seq=53048 Ack=1816 Win=40312 Len=1330 [TCP segment of a reassembled PDU]"
"127","5.273033","192.168.103.163","129.108.0.145","TCP","54","50481  >  443 [ACK] Seq=1816 Ack=54378 Win=65535 Len=0"
"128","5.273353","129.108.0.145","192.168.103.163","TCP","1384","443  >  50481 [ACK] Seq=54378 Ack=1816 Win=40312 Len=1330 [TCP segment of a reassembled PDU]"
"129","5.273359","129.108.0.145","192.168.103.163","TCP","1384","443  >  50481 [ACK] Seq=55708 Ack=1816 Win=40312 Len=1330 [TCP segment of a reassembled PDU]"
"130","5.273469","192.168.103.163","129.108.0.145","TCP","54","50481  >  443 [ACK] Seq=1816 Ack=57038 Win=65535 Len=0"
"131","5.318697","129.108.0.145","192.168.103.163","TCP","1384","443  >  50481 [ACK] Seq=57038 Ack=1816 Win=40312 Len=1330 [TCP segment of a reassembled PDU]"
"132","5.319360","129.108.0.145","192.168.103.163","TLSv1.2","1384","Application Data"
"133","5.319367","129.108.0.145","192.168.103.163","TCP","1384","443  >  50481 [ACK] Seq=59698 Ack=1816 Win=40312 Len=1330 [TCP segment of a reassembled PDU]"
"134","5.319475","192.168.103.163","129.108.0.145","TCP","54","50481  >  443 [ACK] Seq=1816 Ack=59698 Win=65535 Len=0"
"135","5.319763","129.108.0.145","192.168.103.163","TCP","1384","443  >  50481 [ACK] Seq=61028 Ack=1816 Win=40312 Len=1330 [TCP segment of a reassembled PDU]"
"136","5.319769","129.108.0.145","192.168.103.163","TCP","1384","443  >  50481 [ACK] Seq=62358 Ack=1816 Win=40312 Len=1330 [TCP segment of a reassembled PDU]"
"137","5.319903","192.168.103.163","129.108.0.145","TCP","54","50481  >  443 [ACK] Seq=1816 Ack=62358 Win=65535 Len=0"
"138","5.320121","129.108.0.145","192.168.103.163","TCP","1384","443  >  50481 [ACK] Seq=63688 Ack=1816 Win=40312 Len=1330 [TCP segment of a reassembled PDU]"
"139","5.320127","129.108.0.145","192.168.103.163","TCP","1384","443  >  50481 [ACK] Seq=65018 Ack=1816 Win=40312 Len=1330 [TCP segment of a reassembled PDU]"
"140","5.320258","192.168.103.163","129.108.0.145","TCP","54","50481  >  443 [ACK] Seq=1816 Ack=65018 Win=65535 Len=0"
"141","5.320876","129.108.0.145","192.168.103.163","TLSv1.2","1384","Application Data"
"142","5.320883","129.108.0.145","192.168.103.163","TCP","1384","443  >  50481 [ACK] Seq=67678 Ack=1816 Win=40312 Len=1330 [TCP segment of a reassembled PDU]"
"143","5.321025","192.168.103.163","129.108.0.145","TCP","54","50481  >  443 [ACK] Seq=1816 Ack=67678 Win=65535 Len=0"
"144","5.321311","129.108.0.145","192.168.103.163","TCP","1384","443  >  50481 [ACK] Seq=69008 Ack=1816 Win=40312 Len=1330 [TCP segment of a reassembled PDU]"
"145","5.321317","129.108.0.145","192.168.103.163","TCP","1384","443  >  50481 [ACK] Seq=70338 Ack=1816 Win=40312 Len=1330 [TCP segment of a reassembled PDU]"
"146","5.321440","192.168.103.163","129.108.0.145","TCP","54","50481  >  443 [ACK] Seq=1816 Ack=70338 Win=65535 Len=0"
"147","5.321869","129.108.0.145","192.168.103.163","TCP","1384","443  >  50481 [ACK] Seq=71668 Ack=1816 Win=40312 Len=1330 [TCP segment of a reassembled PDU]"
"148","5.321876","129.108.0.145","192.168.103.163","TCP","1384","443  >  50481 [ACK] Seq=72998 Ack=1816 Win=40312 Len=1330 [TCP segment of a reassembled PDU]"
"149","5.321986","192.168.103.163","129.108.0.145","TCP","54","50481  >  443 [ACK] Seq=1816 Ack=72998 Win=65535 Len=0"
"150","5.322139","129.108.0.145","192.168.103.163","TLSv1.2","1384","Application Data"
"151","5.322188","192.168.103.163","129.108.0.145","TCP","54","50481  >  443 [ACK] Seq=1816 Ack=75658 Win=65535 Len=0"
"152","5.322415","129.108.0.145","192.168.103.163","TCP","1384","443  >  50481 [ACK] Seq=75658 Ack=1816 Win=40312 Len=1330 [TCP segment of a reassembled PDU]"
"153","5.322420","129.108.0.145","192.168.103.163","TCP","1384","443  >  50481 [ACK] Seq=76988 Ack=1816 Win=40312 Len=1330 [TCP segment of a reassembled PDU]"
"154","5.322573","192.168.103.163","129.108.0.145","TCP","54","50481  >  443 [ACK] Seq=1816 Ack=78318 Win=65535 Len=0"
"155","5.322771","129.108.0.145","192.168.103.163","TCP","1384","443  >  50481 [ACK] Seq=78318 Ack=1816 Win=40312 Len=1330 [TCP segment of a reassembled PDU]"
"156","5.322774","129.108.0.145","192.168.103.163","TCP","1384","443  >  50481 [ACK] Seq=79648 Ack=1816 Win=40312 Len=1330 [TCP segment of a reassembled PDU]"
"157","5.322819","192.168.103.163","129.108.0.145","TCP","54","50481  >  443 [ACK] Seq=1816 Ack=80978 Win=65535 Len=0"
"158","5.323025","129.108.0.145","192.168.103.163","TCP","1384","443  >  50481 [ACK] Seq=80978 Ack=1816 Win=40312 Len=1330 [TCP segment of a reassembled PDU]"
"159","5.323592","129.108.0.145","192.168.103.163","TLSv1.2","1384","Application Data"
"160","5.323595","129.108.0.145","192.168.103.163","TCP","1384","443  >  50481 [ACK] Seq=83638 Ack=1816 Win=40312 Len=1330 [TCP segment of a reassembled PDU]"
"161","5.323666","192.168.103.163","129.108.0.145","TCP","54","50481  >  443 [ACK] Seq=1816 Ack=83638 Win=65535 Len=0"
"162","5.323933","129.108.0.145","192.168.103.163","TCP","1384","443  >  50481 [ACK] Seq=84968 Ack=1816 Win=40312 Len=1330 [TCP segment of a reassembled PDU]"
"163","5.323938","129.108.0.145","192.168.103.163","TCP","1384","443  >  50481 [ACK] Seq=86298 Ack=1816 Win=40312 Len=1330 [TCP segment of a reassembled PDU]"
"164","5.323981","192.168.103.163","129.108.0.145","TCP","54","50481  >  443 [ACK] Seq=1816 Ack=86298 Win=65535 Len=0"
"165","5.324315","129.108.0.145","192.168.103.163","TCP","1384","443  >  50481 [ACK] Seq=87628 Ack=1816 Win=40312 Len=1330 [TCP segment of a reassembled PDU]"
"166","5.324318","129.108.0.145","192.168.103.163","TLSv1.2","584","Application Data"
"167","5.324363","192.168.103.163","129.108.0.145","TCP","54","50481  >  443 [ACK] Seq=1816 Ack=88958 Win=65535 Len=0"
"168","5.324364","192.168.103.163","129.108.0.145","TCP","54","50481  >  443 [ACK] Seq=1816 Ack=89488 Win=65535 Len=0"
"169","5.578792","129.108.0.145","192.168.103.163","TCP","1384","443  >  50481 [ACK] Seq=89488 Ack=1816 Win=40312 Len=1330 [TCP segment of a reassembled PDU]"
"170","5.579229","129.108.0.145","192.168.103.163","TCP","1384","443  >  50481 [ACK] Seq=90818 Ack=1816 Win=40312 Len=1330 [TCP segment of a reassembled PDU]"
"171","5.579233","129.108.0.145","192.168.103.163","TCP","1384","443  >  50481 [ACK] Seq=92148 Ack=1816 Win=40312 Len=1330 [TCP segment of a reassembled PDU]"
"172","5.579295","192.168.103.163","129.108.0.145","TCP","54","50481  >  443 [ACK] Seq=1816 Ack=92148 Win=65535 Len=0"
"173","5.579383","129.108.0.145","192.168.103.163","TCP","1384","443  >  50481 [ACK] Seq=93478 Ack=1816 Win=40312 Len=1330 [TCP segment of a reassembled PDU]"
"174","5.579420","192.168.103.163","129.108.0.145","TCP","54","50481  >  443 [ACK] Seq=1816 Ack=94808 Win=65535 Len=0"
"175","5.579788","129.108.0.145","192.168.103.163","TCP","1384","443  >  50481 [ACK] Seq=94808 Ack=1816 Win=40312 Len=1330 [TCP segment of a reassembled PDU]"
"176","5.579792","129.108.0.145","192.168.103.163","TLSv1.2","1384","Application Data"
"177","5.579862","192.168.103.163","129.108.0.145","TCP","54","50481  >  443 [ACK] Seq=1816 Ack=97468 Win=65535 Len=0"
"178","5.580049","129.108.0.145","192.168.103.163","TCP","1384","443  >  50481 [ACK] Seq=97468 Ack=1816 Win=40312 Len=1330 [TCP segment of a reassembled PDU]"
"179","5.580052","129.108.0.145","192.168.103.163","TCP","1384","443  >  50481 [ACK] Seq=98798 Ack=1816 Win=40312 Len=1330 [TCP segment of a reassembled PDU]"
"180","5.580103","192.168.103.163","129.108.0.145","TCP","54","50481  >  443 [ACK] Seq=1816 Ack=100128 Win=65535 Len=0"
"181","5.580273","129.108.0.145","192.168.103.163","TCP","1384","443  >  50481 [ACK] Seq=100128 Ack=1816 Win=40312 Len=1330 [TCP segment of a reassembled PDU]"
"182","5.580758","129.108.0.145","192.168.103.163","TCP","1384","443  >  50481 [ACK] Seq=101458 Ack=1816 Win=40312 Len=1330 [TCP segment of a reassembled PDU]"
"183","5.580820","192.168.103.163","129.108.0.145","TCP","54","50481  >  443 [ACK] Seq=1816 Ack=102788 Win=65535 Len=0"
"184","5.580965","129.108.0.145","192.168.103.163","TCP","1384","443  >  50481 [ACK] Seq=102788 Ack=1816 Win=40312 Len=1330 [TCP segment of a reassembled PDU]"
"185","5.580968","129.108.0.145","192.168.103.163","TLSv1.2","1384","Application Data"
"186","5.581008","192.168.103.163","129.108.0.145","TCP","54","50481  >  443 [ACK] Seq=1816 Ack=105448 Win=65535 Len=0"
"187","5.581301","129.108.0.145","192.168.103.163","TCP","1384","443  >  50481 [ACK] Seq=105448 Ack=1816 Win=40963 Len=1330 [TCP segment of a reassembled PDU]"
"188","5.581519","129.108.0.145","192.168.103.163","TCP","1384","443  >  50481 [ACK] Seq=106778 Ack=1816 Win=40963 Len=1330 [TCP segment of a reassembled PDU]"
"189","5.581555","192.168.103.163","129.108.0.145","TCP","54","50481  >  443 [ACK] Seq=1816 Ack=108108 Win=65535 Len=0"
"190","5.581701","129.108.0.145","192.168.103.163","TCP","1384","443  >  50481 [ACK] Seq=108108 Ack=1816 Win=40963 Len=1330 [TCP segment of a reassembled PDU]"
"191","5.581704","129.108.0.145","192.168.103.163","TLSv1.2","1372","Application Data"
"192","5.581743","192.168.103.163","129.108.0.145","TCP","54","50481  >  443 [ACK] Seq=1816 Ack=110756 Win=65535 Len=0"
"193","6.100816","192.168.103.163","129.108.0.145","TLSv1.2","667","Application Data"
"194","6.100817","192.168.103.163","172.217.2.238","TLSv1.2","223","Application Data"
"195","6.100818","192.168.103.163","172.217.1.142","TLSv1.2","342","Application Data"
"196","6.107497","192.168.103.163","172.217.1.142","TCP","342","[TCP Retransmission] 50460  >  443 [PSH, ACK] Seq=1 Ack=1 Win=2048 Len=276 TSval=300165573 TSecr=226447326"
"197","6.128193","172.217.2.238","192.168.103.163","TCP","66","443  >  50463 [ACK] Seq=1 Ack=158 Win=248 Len=0 TSval=2233094928 TSecr=300165488"
"198","6.138964","172.217.2.238","192.168.103.163","TLSv1.2","159","Application Data"
"199","6.139072","192.168.103.163","172.217.2.238","TCP","66","50463  >  443 [ACK] Seq=158 Ack=94 Win=2046 Len=0 TSval=300165603 TSecr=2233094946"
"200","6.139203","172.217.2.238","192.168.103.163","TLSv1.2","443","Application Data"
"201","6.139207","172.217.2.238","192.168.103.163","TLSv1.2","97","Application Data"
"202","6.139208","172.217.2.238","192.168.103.163","TLSv1.2","105","Application Data"
"203","6.139209","129.108.0.145","192.168.103.163","TCP","56","443  >  50481 [ACK] Seq=110756 Ack=2429 Win=40345 Len=0"
"204","6.139281","192.168.103.163","172.217.2.238","TCP","66","50463  >  443 [ACK] Seq=158 Ack=471 Win=2042 Len=0 TSval=300165603 TSecr=2233094946"
"205","6.139282","192.168.103.163","172.217.2.238","TCP","66","50463  >  443 [ACK] Seq=158 Ack=502 Win=2047 Len=0 TSval=300165603 TSecr=2233094947"
"206","6.139282","192.168.103.163","172.217.2.238","TCP","66","50463  >  443 [ACK] Seq=158 Ack=541 Win=2046 Len=0 TSval=300165603 TSecr=2233094947"
"207","6.139643","192.168.103.163","172.217.2.238","TLSv1.2","105","Application Data"
"208","6.144112","192.168.103.163","216.58.194.68","TLSv1.2","211","Application Data"
"209","6.147321","129.108.0.145","192.168.103.163","TLSv1.2","810","Application Data"
"210","6.147385","192.168.103.163","129.108.0.145","TCP","54","50481  >  443 [ACK] Seq=2429 Ack=111512 Win=65535 Len=0"
"211","6.154922","172.217.1.142","192.168.103.163","TCP","66","443  >  50460 [ACK] Seq=1 Ack=277 Win=252 Len=0 TSval=226538776 TSecr=300165494"
"212","6.155495","172.217.1.142","192.168.103.163","TCP","78","[TCP Dup ACK 211#1] 443  >  50460 [ACK] Seq=1 Ack=277 Win=252 Len=0 TSval=226538776 TSecr=300165573 SLE=1 SRE=277"
"213","6.167880","172.217.1.142","192.168.103.163","TLSv1.2","137","Application Data"
"214","6.167885","172.217.1.142","192.168.103.163","TLSv1.2","168","Application Data, Application Data, Application Data"
"215","6.167985","192.168.103.163","172.217.1.142","TCP","66","50460  >  443 [ACK] Seq=277 Ack=72 Win=2046 Len=0 TSval=300165630 TSecr=226538791"
"216","6.168047","192.168.103.163","172.217.1.142","TCP","66","50460  >  443 [ACK] Seq=277 Ack=174 Win=2045 Len=0 TSval=300165630 TSecr=226538792"
"217","6.168433","192.168.103.163","172.217.1.142","TLSv1.2","105","Application Data"
"218","6.174783","172.217.2.238","192.168.103.163","TCP","66","443  >  50463 [ACK] Seq=541 Ack=197 Win=248 Len=0 TSval=2233094986 TSecr=300165603"
"219","6.175450","216.58.194.68","192.168.103.163","TCP","66","443  >  50465 [ACK] Seq=1 Ack=146 Win=282 Len=0 TSval=1989726212 TSecr=300165608"
"220","6.193745","172.217.1.142","192.168.103.163","TCP","66","443  >  50460 [ACK] Seq=174 Ack=316 Win=252 Len=0 TSval=226538811 TSecr=300165630"
"221","6.562969","216.58.194.68","192.168.103.163","TLSv1.2","320","Application Data"
"222","6.563083","192.168.103.163","216.58.194.68","TCP","66","50465  >  443 [ACK] Seq=146 Ack=255 Win=2044 Len=0 TSval=300166022 TSecr=1989726597"
"223","6.563744","216.58.194.68","192.168.103.163","TLSv1.2","1484","Application Data"
"224","6.563748","216.58.194.68","192.168.103.163","TLSv1.2","484","Application Data, Application Data"
"225","6.563750","216.58.194.68","192.168.103.163","TLSv1.2","105","Application Data"
"226","6.563839","192.168.103.163","216.58.194.68","TCP","66","50465  >  443 [ACK] Seq=146 Ack=1673 Win=2025 Len=0 TSval=300166022 TSecr=1989726597"
"227","6.563839","192.168.103.163","216.58.194.68","TCP","66","50465  >  443 [ACK] Seq=146 Ack=2091 Win=2019 Len=0 TSval=300166022 TSecr=1989726598"
"228","6.563839","192.168.103.163","216.58.194.68","TCP","66","50465  >  443 [ACK] Seq=146 Ack=2130 Win=2018 Len=0 TSval=300166022 TSecr=1989726598"
"229","6.564098","192.168.103.163","216.58.194.68","TLSv1.2","105","Application Data"
"230","6.581560","216.58.194.68","192.168.103.163","TCP","66","443  >  50465 [ACK] Seq=2130 Ack=185 Win=282 Len=0 TSval=1989726617 TSecr=300166023"
"231","6.722490","192.168.103.163","172.217.14.170","TLSv1.2","227","Application Data"
"232","6.736677","172.217.14.170","192.168.103.163","TCP","66","443  >  50453 [ACK] Seq=1 Ack=162 Win=277 Len=0 TSval=2192207989 TSecr=300166180"
"233","6.737962","172.217.14.170","192.168.103.163","TLSv1.2","182","Application Data"
"234","6.738054","192.168.103.163","172.217.14.170","TCP","66","50453  >  443 [ACK] Seq=162 Ack=117 Win=2046 Len=0 TSval=300166195 TSecr=2192207991"
"235","6.738330","172.217.14.170","192.168.103.163","TLSv1.2","1484","Application Data"
"236","6.738365","192.168.103.163","172.217.14.170","TCP","66","50453  >  443 [ACK] Seq=162 Ack=1535 Win=2025 Len=0 TSval=300166195 TSecr=2192207991"
"237","6.739693","172.217.14.170","192.168.103.163","TLSv1.2","1484","Application Data"
"238","6.739778","192.168.103.163","172.217.14.170","TCP","66","50453  >  443 [ACK] Seq=162 Ack=2953 Win=2048 Len=0 TSval=300166196 TSecr=2192207991"
"239","6.739842","172.217.14.170","192.168.103.163","TLSv1.2","1484","Application Data"
"240","6.739872","192.168.103.163","172.217.14.170","TCP","66","50453  >  443 [ACK] Seq=162 Ack=4371 Win=2025 Len=0 TSval=300166196 TSecr=2192207991"
"241","6.740081","172.217.14.170","192.168.103.163","TLSv1.2","1484","Application Data"
"242","6.740122","192.168.103.163","172.217.14.170","TCP","66","50453  >  443 [ACK] Seq=162 Ack=5789 Win=2048 Len=0 TSval=300166196 TSecr=2192207992"
"243","6.741331","172.217.14.170","192.168.103.163","TLSv1.2","1484","Application Data"
"244","6.741486","172.217.14.170","192.168.103.163","TLSv1.2","1484","Application Data"
"245","6.741518","192.168.103.163","172.217.14.170","TCP","66","50453  >  443 [ACK] Seq=162 Ack=8625 Win=2025 Len=0 TSval=300166197 TSecr=2192207992"
"246","6.741682","172.217.14.170","192.168.103.163","TLSv1.2","1484","Application Data"
"247","6.741725","192.168.103.163","172.217.14.170","TCP","66","50453  >  443 [ACK] Seq=162 Ack=10043 Win=2048 Len=0 TSval=300166197 TSecr=2192207993"
"248","6.743586","172.217.14.170","192.168.103.163","TLSv1.2","1484","Application Data"
"249","6.743746","172.217.14.170","192.168.103.163","TLSv1.2","1484","Application Data"
"250","6.743773","192.168.103.163","172.217.14.170","TCP","66","50453  >  443 [ACK] Seq=162 Ack=12879 Win=2025 Len=0 TSval=300166199 TSecr=2192207993"
"251","6.743964","172.217.14.170","192.168.103.163","TLSv1.2","1484","Application Data"
"252","6.744002","192.168.103.163","172.217.14.170","TCP","66","50453  >  443 [ACK] Seq=162 Ack=14297 Win=2048 Len=0 TSval=300166199 TSecr=2192207994"
"253","6.744181","172.217.14.170","192.168.103.163","TLSv1.2","1484","Application Data"
"254","6.744364","172.217.14.170","192.168.103.163","TLSv1.2","1484","Application Data"
"255","6.744388","192.168.103.163","172.217.14.170","TCP","66","50453  >  443 [ACK] Seq=162 Ack=17133 Win=2025 Len=0 TSval=300166199 TSecr=2192207994"
"256","6.744560","172.217.14.170","192.168.103.163","TLSv1.2","1484","Application Data"
"257","6.744601","192.168.103.163","172.217.14.170","TCP","66","50453  >  443 [ACK] Seq=162 Ack=18551 Win=2048 Len=0 TSval=300166199 TSecr=2192207995"
"258","6.745386","172.217.14.170","192.168.103.163","TLSv1.2","1484","Application Data"
"259","6.745585","172.217.14.170","192.168.103.163","TLSv1.2","1484","Application Data"
"260","6.745609","192.168.103.163","172.217.14.170","TCP","66","50453  >  443 [ACK] Seq=162 Ack=21387 Win=2025 Len=0 TSval=300166200 TSecr=2192207996"
"261","6.745759","172.217.14.170","192.168.103.163","TLSv1.2","1484","Application Data"
"262","6.745789","192.168.103.163","172.217.14.170","TCP","66","50453  >  443 [ACK] Seq=162 Ack=22805 Win=2048 Len=0 TSval=300166200 TSecr=2192207997"
"263","6.745980","172.217.14.170","192.168.103.163","TLSv1.2","1484","Application Data"
"264","6.752443","172.217.14.170","192.168.103.163","TLSv1.2","1484","Application Data"
"265","6.752496","192.168.103.163","172.217.14.170","TCP","66","50453  >  443 [ACK] Seq=162 Ack=25641 Win=2025 Len=0 TSval=300166207 TSecr=2192207997"
"266","6.752660","172.217.14.170","192.168.103.163","TLSv1.2","1484","Application Data"
"267","6.752703","192.168.103.163","172.217.14.170","TCP","66","50453  >  443 [ACK] Seq=162 Ack=27059 Win=2048 Len=0 TSval=300166207 TSecr=2192207997"
"268","6.752873","172.217.14.170","192.168.103.163","TLSv1.2","1484","Application Data"
"269","6.753119","172.217.14.170","192.168.103.163","TLSv1.2","1484","Application Data"
"270","6.753141","192.168.103.163","172.217.14.170","TCP","66","50453  >  443 [ACK] Seq=162 Ack=29895 Win=2025 Len=0 TSval=300166207 TSecr=2192207998"
"271","6.753289","172.217.14.170","192.168.103.163","TLSv1.2","1484","Application Data"
"272","6.753319","192.168.103.163","172.217.14.170","TCP","66","50453  >  443 [ACK] Seq=162 Ack=31313 Win=2048 Len=0 TSval=300166207 TSecr=2192207999"
"273","6.753511","172.217.14.170","192.168.103.163","TLSv1.2","1484","Application Data"
"274","6.753722","172.217.14.170","192.168.103.163","TLSv1.2","1484","Application Data"
"275","6.753724","172.217.14.170","192.168.103.163","TLSv1.2","1484","Application Data [TCP segment of a reassembled PDU]"
"276","6.753746","192.168.103.163","172.217.14.170","TCP","66","50453  >  443 [ACK] Seq=162 Ack=34149 Win=2025 Len=0 TSval=300166208 TSecr=2192207999"
"277","6.753768","192.168.103.163","172.217.14.170","TCP","66","50453  >  443 [ACK] Seq=162 Ack=35567 Win=2048 Len=0 TSval=300166208 TSecr=2192208000"
"278","6.756402","172.217.14.170","192.168.103.163","TLSv1.2","1484","Application Data [TCP segment of a reassembled PDU]"
"279","6.756560","172.217.14.170","192.168.103.163","TLSv1.2","1484","Application Data [TCP segment of a reassembled PDU]"
"280","6.756586","192.168.103.163","172.217.14.170","TCP","66","50453  >  443 [ACK] Seq=162 Ack=38403 Win=2025 Len=0 TSval=300166210 TSecr=2192208001"
"281","6.756822","172.217.14.170","192.168.103.163","TLSv1.2","1484","Application Data [TCP segment of a reassembled PDU]"
"282","6.756824","172.217.14.170","192.168.103.163","TLSv1.2","1484","Application Data [TCP segment of a reassembled PDU]"
"283","6.756856","192.168.103.163","172.217.14.170","TCP","66","50453  >  443 [ACK] Seq=162 Ack=41239 Win=2003 Len=0 TSval=300166210 TSecr=2192208001"
"284","6.756927","192.168.103.163","172.217.14.170","TCP","66","[TCP Window Update] 50453  >  443 [ACK] Seq=162 Ack=41239 Win=2048 Len=0 TSval=300166210 TSecr=2192208001"
"285","6.757196","172.217.14.170","192.168.103.163","TLSv1.2","1484","Application Data [TCP segment of a reassembled PDU]"
"286","6.757398","172.217.14.170","192.168.103.163","TLSv1.2","1484","Application Data [TCP segment of a reassembled PDU]"
"287","6.757419","192.168.103.163","172.217.14.170","TCP","66","50453  >  443 [ACK] Seq=162 Ack=44075 Win=2025 Len=0 TSval=300166210 TSecr=2192208002"
"288","6.757575","172.217.14.170","192.168.103.163","TLSv1.2","1484","Application Data [TCP segment of a reassembled PDU]"
"289","6.757605","192.168.103.163","172.217.14.170","TCP","66","50453  >  443 [ACK] Seq=162 Ack=45493 Win=2048 Len=0 TSval=300166211 TSecr=2192208003"
"290","6.757787","172.217.14.170","192.168.103.163","TLSv1.2","1484","Application Data [TCP segment of a reassembled PDU]"
"291","6.762057","172.217.14.170","192.168.103.163","TLSv1.2","1484","Application Data [TCP segment of a reassembled PDU]"
"292","6.762083","192.168.103.163","172.217.14.170","TCP","66","50453  >  443 [ACK] Seq=162 Ack=48329 Win=2025 Len=0 TSval=300166215 TSecr=2192208003"
"293","6.762225","172.217.14.170","192.168.103.163","TLSv1.2","1484","Application Data [TCP segment of a reassembled PDU]"
"294","6.762226","fe80::8f5:ca64:a9:714a","fe80::819:c2ea:23e2:a775","ICMPv6","86","Neighbor Solicitation for fe80::819:c2ea:23e2:a775 from 8c:8e:f2:35:86:c3"
"295","6.762270","fe80::819:c2ea:23e2:a775","fe80::8f5:ca64:a9:714a","ICMPv6","78","Neighbor Advertisement fe80::819:c2ea:23e2:a775 (sol)"
"296","6.762316","192.168.103.163","172.217.14.170","TCP","66","50453  >  443 [ACK] Seq=162 Ack=49747 Win=2048 Len=0 TSval=300166215 TSecr=2192208004"
"297","6.762526","172.217.14.170","192.168.103.163","TLSv1.2","1484","Application Data [TCP segment of a reassembled PDU]"
"298","6.762528","172.217.14.170","192.168.103.163","TLSv1.2","1484","Application Data [TCP segment of a reassembled PDU]"
"299","6.762558","192.168.103.163","172.217.14.170","TCP","66","50453  >  443 [ACK] Seq=162 Ack=52583 Win=2003 Len=0 TSval=300166215 TSecr=2192208004"
"300","6.762608","192.168.103.163","172.217.14.170","TCP","66","[TCP Window Update] 50453  >  443 [ACK] Seq=162 Ack=52583 Win=2048 Len=0 TSval=300166215 TSecr=2192208004"
"301","6.762922","172.217.14.170","192.168.103.163","TLSv1.2","1484","Application Data [TCP segment of a reassembled PDU]"
"302","6.763097","172.217.14.170","192.168.103.163","TLSv1.2","1484","Application Data [TCP segment of a reassembled PDU]"
"303","6.763123","192.168.103.163","172.217.14.170","TCP","66","50453  >  443 [ACK] Seq=162 Ack=55419 Win=2025 Len=0 TSval=300166216 TSecr=2192208005"
"304","6.763296","172.217.14.170","192.168.103.163","TLSv1.2","1484","Application Data [TCP segment of a reassembled PDU]"
"305","6.763331","192.168.103.163","172.217.14.170","TCP","66","50453  >  443 [ACK] Seq=162 Ack=56837 Win=2048 Len=0 TSval=300166216 TSecr=2192208006"
"306","6.763465","172.217.14.170","192.168.103.163","TLSv1.2","1484","Application Data [TCP segment of a reassembled PDU]"
"307","6.764266","172.217.14.170","192.168.103.163","TLSv1.2","1484","Application Data [TCP segment of a reassembled PDU]"
"308","6.764286","192.168.103.163","172.217.14.170","TCP","66","50453  >  443 [ACK] Seq=162 Ack=59673 Win=2025 Len=0 TSval=300166217 TSecr=2192208006"
"309","6.764498","172.217.14.170","192.168.103.163","TLSv1.2","1484","Application Data [TCP segment of a reassembled PDU]"
"310","6.764499","172.217.14.170","192.168.103.163","TLSv1.2","518","Application Data, Application Data"
"311","6.764521","192.168.103.163","172.217.14.170","TCP","66","50453  >  443 [ACK] Seq=162 Ack=61543 Win=2018 Len=0 TSval=300166217 TSecr=2192208007"
"312","6.764601","192.168.103.163","172.217.14.170","TLSv1.2","105","Application Data"
"313","6.790275","172.217.14.170","192.168.103.163","TCP","66","443  >  50453 [ACK] Seq=61543 Ack=201 Win=277 Len=0 TSval=2192208042 TSecr=300166217"
"314","7.166464","192.168.103.163","172.217.14.170","TLSv1.2","298","Application Data"
"315","7.167175","192.168.103.163","172.217.14.170","TLSv1.2","287","Application Data"
"316","7.184713","172.217.14.170","192.168.103.163","TCP","66","443  >  50453 [ACK] Seq=61543 Ack=433 Win=282 Len=0 TSval=2192208437 TSecr=300166618"
"317","7.184716","172.217.14.170","192.168.103.163","TCP","66","443  >  50453 [ACK] Seq=61543 Ack=654 Win=286 Len=0 TSval=2192208437 TSecr=300166618"
"318","7.204052","172.217.14.170","192.168.103.163","TLSv1.2","150","Application Data"
"319","7.204125","192.168.103.163","172.217.14.170","TCP","66","50453  >  443 [ACK] Seq=654 Ack=61627 Win=2046 Len=0 TSval=300166655 TSecr=2192208456"
"320","7.204354","172.217.14.170","192.168.103.163","TLSv1.2","1484","Application Data"
"321","7.204374","172.217.14.170","192.168.103.163","TLSv1.2","578","Application Data, Application Data"
"322","7.204375","172.217.14.170","192.168.103.163","TLSv1.2","105","Application Data"
"323","7.204420","192.168.103.163","172.217.14.170","TCP","66","50453  >  443 [ACK] Seq=654 Ack=63045 Win=2025 Len=0 TSval=300166655 TSecr=2192208456"
"324","7.204420","192.168.103.163","172.217.14.170","TCP","66","50453  >  443 [ACK] Seq=654 Ack=63557 Win=2017 Len=0 TSval=300166655 TSecr=2192208456"
"325","7.204420","192.168.103.163","172.217.14.170","TCP","66","50453  >  443 [ACK] Seq=654 Ack=63596 Win=2017 Len=0 TSval=300166655 TSecr=2192208457"
"326","7.204592","192.168.103.163","172.217.14.170","TLSv1.2","105","Application Data"
"327","7.215486","172.217.14.170","192.168.103.163","TLSv1.2","155","Application Data"
"328","7.215555","192.168.103.163","172.217.14.170","TCP","66","50453  >  443 [ACK] Seq=693 Ack=63685 Win=2046 Len=0 TSval=300166666 TSecr=2192208467"
"329","7.216515","172.217.14.170","192.168.103.163","TLSv1.2","1484","Application Data"
"330","7.216518","172.217.14.170","192.168.103.163","TLSv1.2","1484","Application Data"
"331","7.216565","192.168.103.163","172.217.14.170","TCP","66","50453  >  443 [ACK] Seq=693 Ack=65103 Win=2025 Len=0 TSval=300166667 TSecr=2192208467"
"332","7.216608","192.168.103.163","172.217.14.170","TCP","66","50453  >  443 [ACK] Seq=693 Ack=66521 Win=2048 Len=0 TSval=300166667 TSecr=2192208467"
"333","7.216646","172.217.14.170","192.168.103.163","TLSv1.2","1000","Application Data"
"334","7.216685","192.168.103.163","172.217.14.170","TCP","66","50453  >  443 [ACK] Seq=693 Ack=67455 Win=2033 Len=0 TSval=300166667 TSecr=2192208467"
"335","7.216836","172.217.14.170","192.168.103.163","TLSv1.2","233","Application Data"
"336","7.216871","192.168.103.163","172.217.14.170","TCP","66","50453  >  443 [ACK] Seq=693 Ack=67622 Win=2030 Len=0 TSval=300166667 TSecr=2192208468"
"337","7.226205","172.217.14.170","192.168.103.163","TCP","66","443  >  50453 [ACK] Seq=67622 Ack=693 Win=286 Len=0 TSval=2192208477 TSecr=300166655"
"338","7.234987","192.168.103.163","216.58.194.68","TLSv1.2","598","Application Data"
"339","7.250567","216.58.194.68","192.168.103.163","TCP","66","443  >  50465 [ACK] Seq=2130 Ack=717 Win=286 Len=0 TSval=1989727288 TSecr=300166684"
"340","7.267457","216.58.194.68","192.168.103.163","TLSv1.2","209","Application Data"
"341","7.267565","192.168.103.163","216.58.194.68","TCP","66","50465  >  443 [ACK] Seq=717 Ack=2273 Win=2045 Len=0 TSval=300166715 TSecr=1989727305"
"342","7.267681","216.58.194.68","192.168.103.163","TLSv1.2","1138","Application Data"
"343","7.267733","192.168.103.163","216.58.194.68","TCP","66","50465  >  443 [ACK] Seq=717 Ack=3345 Win=2031 Len=0 TSval=300166715 TSecr=1989727305"
"344","7.267951","216.58.194.68","192.168.103.163","TLSv1.2","232","Application Data"
"345","7.267954","216.58.194.68","192.168.103.163","TLSv1.2","105","Application Data"
"346","7.268016","192.168.103.163","216.58.194.68","TCP","66","50465  >  443 [ACK] Seq=717 Ack=3511 Win=2045 Len=0 TSval=300166715 TSecr=1989727305"
"347","7.268017","192.168.103.163","216.58.194.68","TCP","66","50465  >  443 [ACK] Seq=717 Ack=3550 Win=2044 Len=0 TSval=300166715 TSecr=1989727306"
"348","7.268385","192.168.103.163","216.58.194.68","TLSv1.2","105","Application Data"
"349","7.288444","216.58.194.68","192.168.103.163","TCP","66","443  >  50465 [ACK] Seq=3550 Ack=756 Win=286 Len=0 TSval=1989727326 TSecr=300166715"
"350","7.575372","192.168.103.163","172.217.14.170","TLSv1.2","346","Application Data"
"351","7.591041","172.217.14.170","192.168.103.163","TCP","66","443  >  50453 [ACK] Seq=67622 Ack=973 Win=290 Len=0 TSval=2192208844 TSecr=300167021"
"352","7.609022","172.217.14.170","192.168.103.163","TLSv1.2","150","Application Data"
"353","7.609028","172.217.14.170","192.168.103.163","TLSv1.2","317","Application Data"
"354","7.609030","172.217.14.170","192.168.103.163","TLSv1.2","246","Application Data"
"355","7.609031","172.217.14.170","192.168.103.163","TLSv1.2","105","Application Data"
"356","7.609171","192.168.103.163","172.217.14.170","TCP","66","50453  >  443 [ACK] Seq=973 Ack=67706 Win=2046 Len=0 TSval=300167054 TSecr=2192208861"
"357","7.609172","192.168.103.163","172.217.14.170","TCP","66","50453  >  443 [ACK] Seq=973 Ack=67957 Win=2042 Len=0 TSval=300167054 TSecr=2192208861"
"358","7.609173","192.168.103.163","172.217.14.170","TCP","66","50453  >  443 [ACK] Seq=973 Ack=68137 Win=2039 Len=0 TSval=300167054 TSecr=2192208862"
"359","7.609173","192.168.103.163","172.217.14.170","TCP","66","50453  >  443 [ACK] Seq=973 Ack=68176 Win=2039 Len=0 TSval=300167054 TSecr=2192208862"
"360","7.609850","192.168.103.163","172.217.14.170","TLSv1.2","105","Application Data"
"361","7.612750","192.168.103.163","172.217.14.170","TLSv1.2","350","Application Data"
"362","7.627339","172.217.14.170","192.168.103.163","TCP","66","443  >  50453 [ACK] Seq=68176 Ack=1296 Win=294 Len=0 TSval=2192208880 TSecr=300167054"
"363","7.646847","172.217.14.170","192.168.103.163","TLSv1.2","138","Application Data"
"364","7.646852","172.217.14.170","192.168.103.163","TLSv1.2","172","Application Data"
"365","7.646930","192.168.103.163","172.217.14.170","TCP","66","50453  >  443 [ACK] Seq=1296 Ack=68248 Win=2046 Len=0 TSval=300167090 TSecr=2192208899"
"366","7.646930","192.168.103.163","172.217.14.170","TCP","66","50453  >  443 [ACK] Seq=1296 Ack=68354 Win=2045 Len=0 TSval=300167090 TSecr=2192208899"
"367","7.647026","172.217.14.170","192.168.103.163","TLSv1.2","215","Application Data"
"368","7.647029","172.217.14.170","192.168.103.163","TLSv1.2","105","Application Data"
"369","7.647086","192.168.103.163","172.217.14.170","TCP","66","50453  >  443 [ACK] Seq=1296 Ack=68503 Win=2045 Len=0 TSval=300167090 TSecr=2192208899"
"370","7.647086","192.168.103.163","172.217.14.170","TCP","66","50453  >  443 [ACK] Seq=1296 Ack=68542 Win=2047 Len=0 TSval=300167090 TSecr=2192208899"
"371","7.647310","192.168.103.163","172.217.14.170","TLSv1.2","105","Application Data"
"372","7.668316","172.217.14.170","192.168.103.163","TCP","66","443  >  50453 [ACK] Seq=68542 Ack=1335 Win=294 Len=0 TSval=2192208921 TSecr=300167090"
"373","8.045321","192.168.102.244","192.168.103.255","NBNS","92","Name query NB ISATAP<00>"
"374","8.046399","fe80::f09d:6467:40d6:b06e","ff02::1:3","LLMNR","86","Standard query 0xf45d A isatap"
"375","8.452317","fe80::f09d:6467:40d6:b06e","ff02::1:3","LLMNR","86","Standard query 0xf45d A isatap"
"376","8.759500","Apple_49:c0:6a","Broadcast","LLC","56","S P, func=RNR, N(R)=64; DSAP NULL LSAP Individual, SSAP NULL LSAP Command"
"377","8.759923","192.168.102.244","192.168.103.255","NBNS","92","Name query NB ISATAP<00>"
"378","8.862016","0.0.0.0","255.255.255.255","DHCP","342","DHCP Request  - Transaction ID 0x42575cf"
"379","8.862640","::","ff02::1:ff63:88b7","ICMPv6","86","Neighbor Solicitation for fe80::1025:d63a:7663:88b7"
"380","8.863059","fe80::1025:d63a:7663:88b7","ff02::2","ICMPv6","62","Router Solicitation"
"381","8.863576","Apple_49:c0:6a","Broadcast","ARP","56","ARP Announcement for 192.168.101.247"
"382","9.033868","192.168.103.163","172.217.14.170","TLSv1.2","349","Application Data"
"383","9.051533","172.217.14.170","192.168.103.163","TCP","66","443  >  50453 [ACK] Seq=68542 Ack=1618 Win=298 Len=0 TSval=2192210301 TSecr=300168476"
"384","9.066617","Apple_49:c0:6a","Broadcast","ARP","56","Who has 192.168.100.1? Tell 192.168.101.247"
"385","9.067395","fe80::4c0:3974:3956:7aca","ff02::fb","MDNS","413","Standard query 0x0000 PTR _companion-link._tcp.local, ""QM"" question PTR _homekit._tcp.local, ""QM"" question PTR iPad de Luis Enrique B._companion-link._tcp.local PTR iPad (66)._companion-link._tcp.local PTR e23482 IF-EFB2 03560._companion-link._tcp.local PTR 000-i13-PRO-000._companion-link._tcp.local PTR Leviathan._companion-link._tcp.local PTR Jesse iPad 2._companion-link._tcp.local PTR Chadâ\200\231s iPad._companion-link._tcp.local PTR James's iPad._companion-link._tcp.local PTR Joeâ\200\231s Ipad (2)._companion-link._tcp.local OPT"
"386","9.071059","172.217.14.170","192.168.103.163","TLSv1.2","138","Application Data"
"387","9.071066","172.217.14.170","192.168.103.163","TLSv1.2","194","Application Data"
"388","9.071067","172.217.14.170","192.168.103.163","TLSv1.2","144","Application Data"
"389","9.071068","172.217.14.170","192.168.103.163","TLSv1.2","105","Application Data"
"390","9.071197","192.168.103.163","172.217.14.170","TCP","66","50453  >  443 [ACK] Seq=1618 Ack=68614 Win=2046 Len=0 TSval=300168512 TSecr=2192210321"
"391","9.071198","192.168.103.163","172.217.14.170","TCP","66","50453  >  443 [ACK] Seq=1618 Ack=68742 Win=2044 Len=0 TSval=300168512 TSecr=2192210321"
"392","9.071198","192.168.103.163","172.217.14.170","TCP","66","50453  >  443 [ACK] Seq=1618 Ack=68820 Win=2043 Len=0 TSval=300168512 TSecr=2192210321"
"393","9.071198","192.168.103.163","172.217.14.170","TCP","66","50453  >  443 [ACK] Seq=1618 Ack=68859 Win=2043 Len=0 TSval=300168512 TSecr=2192210321"
"394","9.071842","192.168.103.163","172.217.14.170","TLSv1.2","105","Application Data"
"395","9.247444","192.168.103.163","172.217.14.170","TCP","105","[TCP Retransmission] 50453  >  443 [PSH, ACK] Seq=1618 Ack=68859 Win=2048 Len=39 TSval=300168606 TSecr=2192210321"
"396","9.247561","172.217.14.170","192.168.103.163","TCP","66","443  >  50453 [ACK] Seq=68859 Ack=1657 Win=298 Len=0 TSval=2192210353 TSecr=300168512"
"397","9.266499","172.217.14.170","192.168.103.163","TCP","78","[TCP Dup ACK 396#1] 443  >  50453 [ACK] Seq=68859 Ack=1657 Win=298 Len=0 TSval=2192210519 TSecr=300168606 SLE=1618 SRE=1657"
"398","9.886319","fe80::1025:d63a:7663:88b7","ff02::16","ICMPv6","130","Multicast Listener Report Message v2"
"399","9.982647","192.168.103.163","129.108.0.145","TLSv1.2","753","Application Data"
"400","9.988416","fe80::8f5:ca64:a9:714a","ff02::fb","MDNS","371","Standard query 0x0000 PTR _companion-link._tcp.local, ""QM"" question PTR Leviathan._companion-link._tcp.local PTR iPad de Luis Enrique B._companion-link._tcp.local PTR Chadâ\200\231s iPad._companion-link._tcp.local PTR Joeâ\200\231s Ipad (2)._companion-link._tcp.local PTR Jesse iPad 2._companion-link._tcp.local PTR 000-i13-PRO-000._companion-link._tcp.local PTR iPad (66)._companion-link._tcp.local PTR e23482 IF-EFB2 03560._companion-link._tcp.local OPT"
"401","10.016549","129.108.0.145","192.168.103.163","TCP","56","443  >  50481 [ACK] Seq=111512 Ack=3128 Win=40259 Len=0"
"402","10.019265","129.108.0.145","192.168.103.163","TCP","1384","443  >  50481 [ACK] Seq=111512 Ack=3128 Win=40963 Len=1330 [TCP segment of a reassembled PDU]"
"403","10.019742","129.108.0.145","192.168.103.163","TCP","1384","443  >  50481 [ACK] Seq=112842 Ack=3128 Win=40963 Len=1330 [TCP segment of a reassembled PDU]"
"404","10.019744","129.108.0.145","192.168.103.163","TCP","1384","443  >  50481 [ACK] Seq=114172 Ack=3128 Win=40963 Len=1330 [TCP segment of a reassembled PDU]"
"405","10.019791","192.168.103.163","129.108.0.145","TCP","54","50481  >  443 [ACK] Seq=3128 Ack=114172 Win=65535 Len=0"
"406","10.020091","129.108.0.145","192.168.103.163","TCP","1384","443  >  50481 [ACK] Seq=115502 Ack=3128 Win=40963 Len=1330 [TCP segment of a reassembled PDU]"
"407","10.020129","192.168.103.163","129.108.0.145","TCP","54","50481  >  443 [ACK] Seq=3128 Ack=116832 Win=65535 Len=0"
"408","10.020522","129.108.0.145","192.168.103.163","TCP","1384","443  >  50481 [ACK] Seq=116832 Ack=3128 Win=40963 Len=1330 [TCP segment of a reassembled PDU]"
"409","10.020680","129.108.0.145","192.168.103.163","TLSv1.2","1384","Application Data"
"410","10.020715","192.168.103.163","129.108.0.145","TCP","54","50481  >  443 [ACK] Seq=3128 Ack=119492 Win=65535 Len=0"
"411","10.020947","129.108.0.145","192.168.103.163","TCP","1384","443  >  50481 [ACK] Seq=119492 Ack=3128 Win=40963 Len=1330 [TCP segment of a reassembled PDU]"
"412","10.020949","129.108.0.145","192.168.103.163","TLSv1.2","1234","Application Data"
"413","10.020993","192.168.103.163","129.108.0.145","TCP","54","50481  >  443 [ACK] Seq=3128 Ack=122002 Win=65535 Len=0"
"414","10.296087","192.168.103.163","23.211.41.107","TLSv1.2","447","Application Data"
"415","10.312923","23.211.41.107","192.168.103.163","TCP","66","443  >  50482 [ACK] Seq=4465 Ack=1406 Win=32256 Len=0 TSval=1624524762 TSecr=300169706"
"416","10.324320","23.211.41.107","192.168.103.163","TLSv1.2","704","Application Data"
"417","10.324398","192.168.103.163","23.211.41.107","TCP","66","50482  >  443 [ACK] Seq=1406 Ack=5103 Win=130432 Len=0 TSval=300169758 TSecr=1624524772"
"418","10.327032","192.168.103.163","129.108.0.145","TLSv1.2","763","Application Data"
"419","10.365669","129.108.0.145","192.168.103.163","TCP","56","443  >  50481 [ACK] Seq=122002 Ack=3837 Win=40249 Len=0"
"420","10.367346","129.108.0.145","192.168.103.163","TCP","1384","443  >  50481 [ACK] Seq=122002 Ack=3837 Win=40249 Len=1330 [TCP segment of a reassembled PDU]"
"421","10.367348","129.108.0.145","192.168.103.163","TCP","1384","443  >  50481 [ACK] Seq=123332 Ack=3837 Win=40249 Len=1330 [TCP segment of a reassembled PDU]"
"422","10.367391","192.168.103.163","129.108.0.145","TCP","54","50481  >  443 [ACK] Seq=3837 Ack=124662 Win=65535 Len=0"
"423","10.367736","129.108.0.145","192.168.103.163","TCP","1384","443  >  50481 [ACK] Seq=124662 Ack=3837 Win=40249 Len=1330 [TCP segment of a reassembled PDU]"
"424","10.367738","129.108.0.145","192.168.103.163","TCP","1384","443  >  50481 [ACK] Seq=125992 Ack=3837 Win=40249 Len=1330 [TCP segment of a reassembled PDU]"
"425","10.367770","192.168.103.163","129.108.0.145","TCP","54","50481  >  443 [ACK] Seq=3837 Ack=127322 Win=65535 Len=0"
"426","10.368099","129.108.0.145","192.168.103.163","TCP","1384","443  >  50481 [ACK] Seq=127322 Ack=3837 Win=40249 Len=1330 [TCP segment of a reassembled PDU]"
"427","10.368772","129.108.0.145","192.168.103.163","TLSv1.2","1384","Application Data"
"428","10.368803","192.168.103.163","129.108.0.145","TCP","54","50481  >  443 [ACK] Seq=3837 Ack=129982 Win=65535 Len=0"
"429","10.370469","129.108.0.145","192.168.103.163","TCP","1384","443  >  50481 [ACK] Seq=129982 Ack=3837 Win=40249 Len=1330 [TCP segment of a reassembled PDU]"
"430","10.370644","129.108.0.145","192.168.103.163","TCP","1384","443  >  50481 [ACK] Seq=131312 Ack=3837 Win=40249 Len=1330 [TCP segment of a reassembled PDU]"
"431","10.370675","192.168.103.163","129.108.0.145","TCP","54","50481  >  443 [ACK] Seq=3837 Ack=132642 Win=65535 Len=0"
"432","10.371036","129.108.0.145","192.168.103.163","TCP","1384","443  >  50481 [ACK] Seq=132642 Ack=3837 Win=40249 Len=1330 [TCP segment of a reassembled PDU]"
"433","10.371038","129.108.0.145","192.168.103.163","TCP","1384","443  >  50481 [ACK] Seq=133972 Ack=3837 Win=40249 Len=1330 [TCP segment of a reassembled PDU]"
"434","10.371069","192.168.103.163","129.108.0.145","TCP","54","50481  >  443 [ACK] Seq=3837 Ack=135302 Win=65535 Len=0"
"435","10.371411","129.108.0.145","192.168.103.163","TCP","1384","443  >  50481 [ACK] Seq=135302 Ack=3837 Win=40249 Len=1330 [TCP segment of a reassembled PDU]"
"436","10.371612","129.108.0.145","192.168.103.163","TLSv1.2","1384","Application Data"
"437","10.371615","129.108.0.145","192.168.103.163","TCP","1384","443  >  50481 [ACK] Seq=137962 Ack=3837 Win=40249 Len=1330 [TCP segment of a reassembled PDU]"
"438","10.371643","192.168.103.163","129.108.0.145","TCP","54","50481  >  443 [ACK] Seq=3837 Ack=137962 Win=65535 Len=0"
"439","10.372159","129.108.0.145","192.168.103.163","TCP","1384","443  >  50481 [ACK] Seq=139292 Ack=3837 Win=40249 Len=1330 [TCP segment of a reassembled PDU]"
"440","10.372162","129.108.0.145","192.168.103.163","TCP","1384","443  >  50481 [ACK] Seq=140622 Ack=3837 Win=40249 Len=1330 [TCP segment of a reassembled PDU]"
"441","10.372191","192.168.103.163","129.108.0.145","TCP","54","50481  >  443 [ACK] Seq=3837 Ack=140622 Win=65535 Len=0"
"442","10.372334","129.108.0.145","192.168.103.163","TCP","1384","443  >  50481 [ACK] Seq=141952 Ack=3837 Win=40249 Len=1330 [TCP segment of a reassembled PDU]"
"443","10.372361","192.168.103.163","129.108.0.145","TCP","54","50481  >  443 [ACK] Seq=3837 Ack=143282 Win=65535 Len=0"
"444","10.372919","129.108.0.145","192.168.103.163","TCP","1384","443  >  50481 [ACK] Seq=143282 Ack=3837 Win=40249 Len=1330 [TCP segment of a reassembled PDU]"
"445","10.372921","129.108.0.145","192.168.103.163","TLSv1.2","1384","Application Data"
"446","10.372950","192.168.103.163","129.108.0.145","TCP","54","50481  >  443 [ACK] Seq=3837 Ack=145942 Win=65535 Len=0"
"447","10.373095","129.108.0.145","192.168.103.163","TCP","1384","443  >  50481 [ACK] Seq=145942 Ack=3837 Win=40249 Len=1330 [TCP segment of a reassembled PDU]"
"448","10.373480","129.108.0.145","192.168.103.163","TCP","1384","443  >  50481 [ACK] Seq=147272 Ack=3837 Win=40249 Len=1330 [TCP segment of a reassembled PDU]"
"449","10.373483","129.108.0.145","192.168.103.163","TCP","1384","443  >  50481 [ACK] Seq=148602 Ack=3837 Win=40249 Len=1330 [TCP segment of a reassembled PDU]"
"450","10.373513","192.168.103.163","129.108.0.145","TCP","54","50481  >  443 [ACK] Seq=3837 Ack=148602 Win=65535 Len=0"
"451","10.373884","129.108.0.145","192.168.103.163","TCP","1384","443  >  50481 [ACK] Seq=149932 Ack=3837 Win=40249 Len=1330 [TCP segment of a reassembled PDU]"
"452","10.373887","129.108.0.145","192.168.103.163","TCP","1384","443  >  50481 [ACK] Seq=151262 Ack=3837 Win=40249 Len=1330 [TCP segment of a reassembled PDU]"
"453","10.373916","192.168.103.163","129.108.0.145","TCP","54","50481  >  443 [ACK] Seq=3837 Ack=151262 Win=65535 Len=0"
"454","10.374062","129.108.0.145","192.168.103.163","TLSv1.2","1384","Application Data"
"455","10.374090","192.168.103.163","129.108.0.145","TCP","54","50481  >  443 [ACK] Seq=3837 Ack=153922 Win=65535 Len=0"
"456","10.377157","129.108.0.145","192.168.103.163","TCP","1384","443  >  50481 [ACK] Seq=153922 Ack=3837 Win=40249 Len=1330 [TCP segment of a reassembled PDU]"
"457","10.377158","129.108.0.145","192.168.103.163","TCP","1384","443  >  50481 [ACK] Seq=155252 Ack=3837 Win=40249 Len=1330 [TCP segment of a reassembled PDU]"
"458","10.377210","192.168.103.163","129.108.0.145","TCP","54","50481  >  443 [ACK] Seq=3837 Ack=156582 Win=65535 Len=0"
"459","10.377332","129.108.0.145","192.168.103.163","TCP","1384","443  >  50481 [ACK] Seq=156582 Ack=3837 Win=40249 Len=1330 [TCP segment of a reassembled PDU]"
"460","10.377723","129.108.0.145","192.168.103.163","TCP","1384","443  >  50481 [ACK] Seq=157912 Ack=3837 Win=40249 Len=1330 [TCP segment of a reassembled PDU]"
"461","10.377750","192.168.103.163","129.108.0.145","TCP","54","50481  >  443 [ACK] Seq=3837 Ack=159242 Win=65535 Len=0"
"462","10.377919","129.108.0.145","192.168.103.163","TCP","1384","443  >  50481 [ACK] Seq=159242 Ack=3837 Win=40249 Len=1330 [TCP segment of a reassembled PDU]"
"463","10.377921","129.108.0.145","192.168.103.163","TLSv1.2","1384","Application Data"
"464","10.377951","192.168.103.163","129.108.0.145","TCP","54","50481  >  443 [ACK] Seq=3837 Ack=161902 Win=65535 Len=0"
"465","10.415191","129.108.0.145","192.168.103.163","TCP","1384","443  >  50481 [ACK] Seq=161902 Ack=3837 Win=40249 Len=1330 [TCP segment of a reassembled PDU]"
"466","10.415597","129.108.0.145","192.168.103.163","TCP","1384","443  >  50481 [ACK] Seq=163232 Ack=3837 Win=40249 Len=1330 [TCP segment of a reassembled PDU]"
"467","10.415599","129.108.0.145","192.168.103.163","TCP","1384","443  >  50481 [ACK] Seq=164562 Ack=3837 Win=40249 Len=1330 [TCP segment of a reassembled PDU]"
"468","10.415637","192.168.103.163","129.108.0.145","TCP","54","50481  >  443 [ACK] Seq=3837 Ack=164562 Win=65535 Len=0"
"469","10.415984","129.108.0.145","192.168.103.163","TCP","1384","443  >  50481 [ACK] Seq=165892 Ack=3837 Win=40249 Len=1330 [TCP segment of a reassembled PDU]"
"470","10.415985","129.108.0.145","192.168.103.163","TCP","1384","443  >  50481 [ACK] Seq=167222 Ack=3837 Win=40249 Len=1330 [TCP segment of a reassembled PDU]"
"471","10.416013","192.168.103.163","129.108.0.145","TCP","54","50481  >  443 [ACK] Seq=3837 Ack=167222 Win=65535 Len=0"
"472","10.416143","129.108.0.145","192.168.103.163","TLSv1.2","1384","Application Data"
"473","10.416169","192.168.103.163","129.108.0.145","TCP","54","50481  >  443 [ACK] Seq=3837 Ack=169882 Win=65535 Len=0"
"474","10.426052","129.108.0.145","192.168.103.163","TCP","1384","443  >  50481 [ACK] Seq=169882 Ack=3837 Win=40249 Len=1330 [TCP segment of a reassembled PDU]"
"475","10.427226","129.108.0.145","192.168.103.163","TCP","1384","443  >  50481 [ACK] Seq=171212 Ack=3837 Win=40249 Len=1330 [TCP segment of a reassembled PDU]"
"476","10.427277","192.168.103.163","129.108.0.145","TCP","54","50481  >  443 [ACK] Seq=3837 Ack=172542 Win=65535 Len=0"
"477","10.428260","129.108.0.145","192.168.103.163","TCP","1384","443  >  50481 [ACK] Seq=172542 Ack=3837 Win=40249 Len=1330 [TCP segment of a reassembled PDU]"
"478","10.428262","129.108.0.145","192.168.103.163","TCP","1384","443  >  50481 [ACK] Seq=173872 Ack=3837 Win=40249 Len=1330 [TCP segment of a reassembled PDU]"
"479","10.428263","129.108.0.145","192.168.103.163","TCP","1384","443  >  50481 [ACK] Seq=175202 Ack=3837 Win=40249 Len=1330 [TCP segment of a reassembled PDU]"
"480","10.428291","192.168.103.163","129.108.0.145","TCP","54","50481  >  443 [ACK] Seq=3837 Ack=175202 Win=65535 Len=0"
"481","10.428649","129.108.0.145","192.168.103.163","TLSv1.2","1384","Application Data"
"482","10.428651","129.108.0.145","192.168.103.163","TCP","1384","443  >  50481 [ACK] Seq=177862 Ack=3837 Win=40963 Len=1330 [TCP segment of a reassembled PDU]"
"483","10.428678","192.168.103.163","129.108.0.145","TCP","54","50481  >  443 [ACK] Seq=3837 Ack=177862 Win=65535 Len=0"
"484","10.428989","129.108.0.145","192.168.103.163","TCP","1384","443  >  50481 [ACK] Seq=179192 Ack=3837 Win=40963 Len=1330 [TCP segment of a reassembled PDU]"
"485","10.429014","192.168.103.163","129.108.0.145","TCP","54","50481  >  443 [ACK] Seq=3837 Ack=180522 Win=65535 Len=0"
"486","10.429240","129.108.0.145","192.168.103.163","TCP","1384","443  >  50481 [ACK] Seq=180522 Ack=3837 Win=40963 Len=1330 [TCP segment of a reassembled PDU]"
"487","10.429241","129.108.0.145","192.168.103.163","TCP","1384","443  >  50481 [ACK] Seq=181852 Ack=3837 Win=40963 Len=1330 [TCP segment of a reassembled PDU]"
"488","10.429268","192.168.103.163","129.108.0.145","TCP","54","50481  >  443 [ACK] Seq=3837 Ack=183182 Win=65535 Len=0"
"489","10.429769","129.108.0.145","192.168.103.163","TCP","1384","443  >  50481 [ACK] Seq=183182 Ack=3837 Win=40963 Len=1330 [TCP segment of a reassembled PDU]"
"490","10.429770","129.108.0.145","192.168.103.163","TLSv1.2","1384","Application Data"
"491","10.429796","192.168.103.163","129.108.0.145","TCP","54","50481  >  443 [ACK] Seq=3837 Ack=185842 Win=65535 Len=0"
"492","10.430144","129.108.0.145","192.168.103.163","TCP","1384","443  >  50481 [ACK] Seq=185842 Ack=3837 Win=40963 Len=1330 [TCP segment of a reassembled PDU]"
"493","10.430146","129.108.0.145","192.168.103.163","TCP","1384","443  >  50481 [ACK] Seq=187172 Ack=3837 Win=40963 Len=1330 [TCP segment of a reassembled PDU]"
"494","10.430172","192.168.103.163","129.108.0.145","TCP","54","50481  >  443 [ACK] Seq=3837 Ack=188502 Win=65535 Len=0"
"495","10.430321","129.108.0.145","192.168.103.163","TLSv1.2","881","Application Data"
"496","10.430348","192.168.103.163","129.108.0.145","TCP","54","50481  >  443 [ACK] Seq=3837 Ack=189329 Win=65535 Len=0"
"497","10.758470","fe80::141a:c4bd:9987:e3ee","ff02::fb","MDNS","252","Standard query 0x0000 PTR _companion-link._tcp.local, ""QU"" question PTR _homekit._tcp.local, ""QU"" question ANY 80:82:23:55:46:91@fe80::8282:23ff:fe55:4691._apple-mobdev2._tcp.local, ""QU"" question SRV 0 0 32498 iPhone-X-de-Luis.local OPT"
"498","10.758898","fe80::141a:c4bd:9987:e3ee","ff02::fb","MDNS","342","Standard query response 0x0000 PTR _apple-mobdev2._tcp.local PTR, cache flush iPhone-X-de-Luis.local PTR, cache flush iPhone-X-de-Luis.local NSEC, cache flush E.E.3.E.7.8.9.9.D.B.4.C.A.1.4.1.0.0.0.0.0.0.0.0.0.0.0.0.0.8.E.F.ip6.arpa NSEC, cache flush 200.102.168.192.in-addr.arpa OPT"
"499","10.789824","fe80::819:c2ea:23e2:a775","fe80::141a:c4bd:9987:e3ee","MDNS","416","Standard query response 0x0000 PTR Leviathan._companion-link._tcp.local SRV, cache flush 0 0 49441 Leviathan.local TXT, cache flush TXT AAAA, cache flush fe80::819:c2ea:23e2:a775 A, cache flush 192.168.103.163"
"500","10.836409","192.168.103.163","129.108.0.145","TLSv1.2","730","Application Data"
"501","10.840725","192.168.103.163","172.217.2.238","TLSv1.2","223","Application Data"
"502","10.845230","192.168.103.163","172.217.1.142","TLSv1.2","422","Application Data"
"503","10.869897","129.108.0.145","192.168.103.163","TCP","56","443  >  50481 [ACK] Seq=189329 Ack=4513 Win=40282 Len=0"
"504","10.870376","172.217.1.142","192.168.103.163","TCP","66","443  >  50460 [ACK] Seq=174 Ack=672 Win=257 Len=0 TSval=226543494 TSecr=300170272"
"505","10.870703","172.217.2.238","192.168.103.163","TCP","66","443  >  50463 [ACK] Seq=541 Ack=354 Win=252 Len=0 TSval=2233099682 TSecr=300170268"
"506","10.870705","172.217.1.142","192.168.103.163","TLSv1.2","179","Application Data"
"507","10.870749","192.168.103.163","172.217.1.142","TCP","66","50460  >  443 [ACK] Seq=672 Ack=287 Win=2046 Len=0 TSval=300170296 TSecr=226543495"
"508","10.871326","172.217.1.142","192.168.103.163","TLSv1.2","132","Application Data"
"509","10.871328","172.217.1.142","192.168.103.163","TLSv1.2","105","Application Data"
"510","10.871356","192.168.103.163","172.217.1.142","TCP","66","50460  >  443 [ACK] Seq=672 Ack=353 Win=2046 Len=0 TSval=300170297 TSecr=226543495"
"511","10.871356","192.168.103.163","172.217.1.142","TCP","66","50460  >  443 [ACK] Seq=672 Ack=392 Win=2046 Len=0 TSval=300170297 TSecr=226543495"
"512","10.871494","192.168.103.163","172.217.1.142","TLSv1.2","105","Application Data"
"513","10.874328","129.108.0.145","192.168.103.163","TLSv1.2","810","Application Data"
"514","10.874381","192.168.103.163","129.108.0.145","TCP","54","50481  >  443 [ACK] Seq=4513 Ack=190085 Win=65535 Len=0"
"515","10.889112","172.217.2.238","192.168.103.163","TLSv1.2","146","Application Data"
"516","10.889116","172.217.2.238","192.168.103.163","TLSv1.2","443","Application Data"
"517","10.889117","172.217.2.238","192.168.103.163","TLSv1.2","97","Application Data"
"518","10.889118","172.217.2.238","192.168.103.163","TLSv1.2","105","Application Data"
"519","10.889187","192.168.103.163","172.217.2.238","TCP","66","50463  >  443 [ACK] Seq=354 Ack=621 Win=2046 Len=0 TSval=300170314 TSecr=2233099700"
"520","10.889188","192.168.103.163","172.217.2.238","TCP","66","50463  >  443 [ACK] Seq=354 Ack=998 Win=2040 Len=0 TSval=300170314 TSecr=2233099700"
"521","10.889188","192.168.103.163","172.217.2.238","TCP","66","50463  >  443 [ACK] Seq=354 Ack=1029 Win=2040 Len=0 TSval=300170314 TSecr=2233099701"
"522","10.889238","192.168.103.163","172.217.2.238","TCP","66","50463  >  443 [ACK] Seq=354 Ack=1068 Win=2039 Len=0 TSval=300170314 TSecr=2233099701"
"523","10.889465","192.168.103.163","172.217.2.238","TLSv1.2","105","Application Data"
"524","10.891510","172.217.1.142","192.168.103.163","TCP","66","443  >  50460 [ACK] Seq=392 Ack=711 Win=257 Len=0 TSval=226543515 TSecr=300170297"
"525","10.892473","192.168.103.163","216.58.194.68","TLSv1.2","211","Application Data"
"526","10.919391","216.58.194.68","192.168.103.163","TCP","66","443  >  50465 [ACK] Seq=3550 Ack=901 Win=290 Len=0 TSval=1989730944 TSecr=300170316"
"527","10.919394","172.217.2.238","192.168.103.163","TCP","66","443  >  50463 [ACK] Seq=1068 Ack=393 Win=252 Len=0 TSval=2233099721 TSecr=300170314"
"528","11.007859","fe80::141a:c4bd:9987:e3ee","ff02::fb","MDNS","215","Standard query 0x0000 ANY 80:82:23:55:46:91@fe80::8282:23ff:fe55:4691._apple-mobdev2._tcp.local, ""QM"" question SRV 0 0 32498 iPhone-X-de-Luis.local OPT"
"529","11.424331","fe80::141a:c4bd:9987:e3ee","ff02::fb","MDNS","265","Standard query 0x0000 ANY 80:82:23:55:46:91@fe80::8282:23ff:fe55:4691._apple-mobdev2._tcp.local, ""QM"" question ANY iPhone-X-de-Luis.local, ""QU"" question SRV 0 0 32498 iPhone-X-de-Luis.local AAAA fe80::141a:c4bd:9987:e3ee A 192.168.102.200 OPT"
"530","11.426629","fe80::141a:c4bd:9987:e3ee","fe80::819:c2ea:23e2:a775","ICMPv6","86","Neighbor Solicitation for fe80::819:c2ea:23e2:a775 from 80:82:23:55:46:91"
"531","11.426630","216.58.194.68","192.168.103.163","TLSv1.2","320","Application Data"
"532","11.426792","216.58.194.68","192.168.103.163","TLSv1.2","1484","Application Data"
"533","11.426821","fe80::819:c2ea:23e2:a775","fe80::141a:c4bd:9987:e3ee","ICMPv6","78","Neighbor Advertisement fe80::819:c2ea:23e2:a775 (sol)"
"534","11.426858","192.168.103.163","216.58.194.68","TCP","66","50465  >  443 [ACK] Seq=901 Ack=3804 Win=2044 Len=0 TSval=300170850 TSecr=1989731307"
"535","11.426858","192.168.103.163","216.58.194.68","TCP","66","50465  >  443 [ACK] Seq=901 Ack=5222 Win=2021 Len=0 TSval=300170850 TSecr=1989731307"
"536","11.427146","216.58.194.68","192.168.103.163","TLSv1.2","306","Application Data, Application Data"
"537","11.427147","216.58.194.68","192.168.103.163","TLSv1.2","105","Application Data"
"538","11.427148","216.58.194.68","192.168.103.163","TCP","105","[TCP Retransmission] 443  >  50465 [PSH, ACK] Seq=5462 Ack=901 Win=290 Len=39 TSval=1989731354 TSecr=300170316"
"539","11.427239","192.168.103.163","216.58.194.68","TCP","66","50465  >  443 [ACK] Seq=901 Ack=5462 Win=2044 Len=0 TSval=300170850 TSecr=1989731308"
"540","11.427239","192.168.103.163","216.58.194.68","TCP","66","50465  >  443 [ACK] Seq=901 Ack=5501 Win=2043 Len=0 TSval=300170850 TSecr=1989731308"
"541","11.427239","192.168.103.163","216.58.194.68","TCP","78","[TCP Dup ACK 540#1] 50465  >  443 [ACK] Seq=901 Ack=5501 Win=2043 Len=0 TSval=300170850 TSecr=1989731354 SLE=5462 SRE=5501"
"542","11.427638","192.168.103.163","216.58.194.68","TLSv1.2","105","Application Data"
"543","11.445605","216.58.194.68","192.168.103.163","TCP","66","443  >  50465 [ACK] Seq=5501 Ack=940 Win=290 Len=0 TSval=1989731480 TSecr=300170850"
"544","11.597902","fe80::141a:c4bd:9987:e3ee","ff02::fb","MDNS","175","Standard query 0x0000 ANY iPhone-X-de-Luis.local, ""QM"" question AAAA fe80::141a:c4bd:9987:e3ee A 192.168.102.200 OPT"
"545","11.601499","fe80::141a:c4bd:9987:e3ee","ff02::fb","MDNS","285","Standard query response 0x0000 TXT, cache flush PTR 80:82:23:55:46:91@fe80::8282:23ff:fe55:4691._apple-mobdev2._tcp.local PTR 80:82:23:55:46:91@fe80::8282:23ff:fe55:4691._apple-mobdev2._tcp.local SRV, cache flush 0 0 32498 iPhone-X-de-Luis.local NSEC, cache flush 80:82:23:55:46:91@fe80::8282:23ff:fe55:4691._apple-mobdev2._tcp.local OPT"
"546","11.737437","192.168.103.163","209.97.222.140","TCP","54","50297  >  443 [RST, ACK] Seq=1 Ack=1 Win=2048 Len=0"
"547","11.831645","fe80::141a:c4bd:9987:e3ee","ff02::16","ICMPv6","90","Multicast Listener Report Message v2"
"548","11.831916","192.168.103.92","224.0.0.22","IGMPv3","56","Membership Report / Join group 224.0.0.251 for any sources"
"549","11.849317","fe80::141a:c4bd:9987:e3ee","ff02::fb","MDNS","453","Standard query 0x0000 PTR _companion-link._tcp.local, ""QM"" question PTR _homekit._tcp.local, ""QM"" question ANY iPhone-X-de-Luis.local, ""QM"" question PTR Leviathan._companion-link._tcp.local PTR Joeâ\200\231s Ipad (2)._companion-link._tcp.local PTR iPad de Luis Enrique B._companion-link._tcp.local PTR iPad (66)._companion-link._tcp.local PTR 000-i13-PRO-000._companion-link._tcp.local PTR e23482 IF-EFB2 03560._companion-link._tcp.local PTR Jesse iPad 2._companion-link._tcp.local PTR Chadâ\200\231s iPad._companion-link._tcp.local AAAA fe80::141a:c4bd:9987:e3ee A 192.168.102.200 OPT"
"550","11.850868","fe80::141a:c4bd:9987:e3ee","ff02::fb","MDNS","342","Standard query response 0x0000 PTR _apple-mobdev2._tcp.local PTR, cache flush iPhone-X-de-Luis.local PTR, cache flush iPhone-X-de-Luis.local NSEC, cache flush E.E.3.E.7.8.9.9.D.B.4.C.A.1.4.1.0.0.0.0.0.0.0.0.0.0.0.0.0.8.E.F.ip6.arpa NSEC, cache flush 200.102.168.192.in-addr.arpa OPT"
"551","11.955832","fe80::14a3:bc6a:3f55:75f1","ff02::fb","MDNS","135","Standard query 0x0000 PTR _companion-link._tcp.local, ""QU"" question OPT"
"552","12.085104","192.168.103.163","172.217.14.170","TLSv1.2","298","Application Data"
"553","12.086071","192.168.103.163","172.217.14.170","TLSv1.2","287","Application Data"
"554","12.086672","fe80::819:c2ea:23e2:a775","ff02::1:ff55:75f1","ICMPv6","86","Neighbor Solicitation for fe80::14a3:bc6a:3f55:75f1 from 8c:85:90:0c:ec:ad"
"555","12.101765","172.217.14.170","192.168.103.163","TCP","66","443  >  50453 [ACK] Seq=68859 Ack=1889 Win=303 Len=0 TSval=2192213352 TSecr=300171507"
"556","12.102289","172.217.14.170","192.168.103.163","TCP","66","443  >  50453 [ACK] Seq=68859 Ack=2110 Win=307 Len=0 TSval=2192213353 TSecr=300171507"
"557","12.109192","fe80::8cf:9d29:dad1:d522","ff02::1:ff55:75f1","ICMPv6","86","Neighbor Solicitation for fe80::14a3:bc6a:3f55:75f1 from 98:01:a7:86:50:38"
"558","12.124124","fe80::141a:c4bd:9987:e3ee","ff02::fb","MDNS","189","Standard query response 0x0000 AAAA, cache flush fe80::141a:c4bd:9987:e3ee A, cache flush 192.168.102.200 NSEC, cache flush iPhone-X-de-Luis.local OPT"
"559","12.124625","172.217.14.170","192.168.103.163","TLSv1.2","138","Application Data"
"560","12.124630","172.217.14.170","192.168.103.163","TLSv1.2","1484","Application Data"
"561","12.124766","172.217.14.170","192.168.103.163","TLSv1.2","549","Application Data, Application Data"
"562","12.124769","172.217.14.170","192.168.103.163","TLSv1.2","105","Application Data"
"563","12.124813","192.168.103.163","172.217.14.170","TCP","66","50453  >  443 [ACK] Seq=2110 Ack=68931 Win=2046 Len=0 TSval=300171545 TSecr=2192213372"
"564","12.124813","192.168.103.163","172.217.14.170","TCP","66","50453  >  443 [ACK] Seq=2110 Ack=70349 Win=2024 Len=0 TSval=300171545 TSecr=2192213372"
"565","12.124869","192.168.103.163","172.217.14.170","TCP","66","50453  >  443 [ACK] Seq=2110 Ack=70832 Win=2040 Len=0 TSval=300171545 TSecr=2192213372"
"566","12.124869","192.168.103.163","172.217.14.170","TCP","66","50453  >  443 [ACK] Seq=2110 Ack=70871 Win=2047 Len=0 TSval=300171545 TSecr=2192213372"
"567","12.125045","192.168.103.163","172.217.14.170","TLSv1.2","105","Application Data"
"568","12.126650","fe80::14a3:bc6a:3f55:75f1","fe80::819:c2ea:23e2:a775","ICMPv6","86","Neighbor Advertisement fe80::14a3:bc6a:3f55:75f1 (sol, ovr) is at 7c:04:d0:86:df:af"
"569","12.126721","fe80::819:c2ea:23e2:a775","fe80::14a3:bc6a:3f55:75f1","MDNS","416","Standard query response 0x0000 PTR Leviathan._companion-link._tcp.local SRV, cache flush 0 0 49441 Leviathan.local TXT, cache flush TXT AAAA, cache flush fe80::819:c2ea:23e2:a775 A, cache flush 192.168.103.163"
"570","12.134359","172.217.14.170","192.168.103.163","TLSv1.2","150","Application Data"
"571","12.134467","192.168.103.163","172.217.14.170","TCP","66","50453  >  443 [ACK] Seq=2149 Ack=70955 Win=2046 Len=0 TSval=300171554 TSecr=2192213387"
"572","12.134805","172.217.14.170","192.168.103.163","TLSv1.2","1484","Application Data"
"573","12.134924","192.168.103.163","172.217.14.170","TCP","66","50453  >  443 [ACK] Seq=2149 Ack=72373 Win=2025 Len=0 TSval=300171554 TSecr=2192213387"
"574","12.138811","172.217.14.170","192.168.103.163","TLSv1.2","1484","Application Data"
"575","12.138817","172.217.14.170","192.168.103.163","TLSv1.2","810","Application Data"
"576","12.138818","172.217.14.170","192.168.103.163","TLSv1.2","110","Application Data"
"577","12.138957","192.168.103.163","172.217.14.170","TCP","66","50453  >  443 [ACK] Seq=2149 Ack=73791 Win=2025 Len=0 TSval=300171558 TSecr=2192213387"
"578","12.138958","192.168.103.163","172.217.14.170","TCP","66","50453  >  443 [ACK] Seq=2149 Ack=74535 Win=2014 Len=0 TSval=300171558 TSecr=2192213387"
"579","12.138959","192.168.103.163","172.217.14.170","TCP","66","50453  >  443 [ACK] Seq=2149 Ack=74579 Win=2013 Len=0 TSval=300171558 TSecr=2192213387"
"580","12.158947","172.217.14.170","192.168.103.163","TCP","66","443  >  50453 [ACK] Seq=74579 Ack=2149 Win=307 Len=0 TSval=2192213401 TSecr=300171545"
"581","12.490314","192.168.103.163","172.217.14.170","TLSv1.2","346","Application Data"
"582","12.521112","172.217.14.170","192.168.103.163","TCP","66","443  >  50453 [ACK] Seq=74579 Ack=2429 Win=311 Len=0 TSval=2192213771 TSecr=300171908"
"583","12.531906","172.217.14.170","192.168.103.163","TLSv1.2","138","Application Data"
"584","12.531913","172.217.14.170","192.168.103.163","TLSv1.2","206","Application Data"
"585","12.531914","172.217.14.170","192.168.103.163","TLSv1.2","256","Application Data"
"586","12.531915","172.217.14.170","192.168.103.163","TLSv1.2","105","Application Data"
"587","12.532059","192.168.103.163","172.217.14.170","TCP","66","50453  >  443 [ACK] Seq=2429 Ack=74651 Win=2046 Len=0 TSval=300171948 TSecr=2192213784"
"588","12.532132","192.168.103.163","172.217.14.170","TCP","66","50453  >  443 [ACK] Seq=2429 Ack=74791 Win=2044 Len=0 TSval=300171948 TSecr=2192213784"
"589","12.532132","192.168.103.163","172.217.14.170","TCP","66","50453  >  443 [ACK] Seq=2429 Ack=74981 Win=2041 Len=0 TSval=300171948 TSecr=2192213784"
"590","12.532133","192.168.103.163","172.217.14.170","TCP","66","50453  >  443 [ACK] Seq=2429 Ack=75020 Win=2041 Len=0 TSval=300171948 TSecr=2192213784"
"591","12.532711","192.168.103.163","172.217.14.170","TLSv1.2","105","Application Data"
"592","12.535537","192.168.103.163","172.217.14.170","TLSv1.2","349","Application Data"
"593","12.553170","172.217.14.170","192.168.103.163","TCP","66","443  >  50453 [ACK] Seq=75020 Ack=2751 Win=315 Len=0 TSval=2192213804 TSecr=300171948"
"594","12.573528","172.217.14.170","192.168.103.163","TLSv1.2","150","Application Data"
"595","12.573535","172.217.14.170","192.168.103.163","TLSv1.2","354","Application Data"
"596","12.573536","172.217.14.170","192.168.103.163","TLSv1.2","122","Application Data"
"597","12.573537","172.217.14.170","192.168.103.163","TLSv1.2","105","Application Data"
"598","12.573674","192.168.103.163","172.217.14.170","TCP","66","50453  >  443 [ACK] Seq=2751 Ack=75104 Win=2046 Len=0 TSval=300171988 TSecr=2192213826"
"599","12.573675","192.168.103.163","172.217.14.170","TCP","66","50453  >  443 [ACK] Seq=2751 Ack=75392 Win=2042 Len=0 TSval=300171988 TSecr=2192213826"
"600","12.573675","192.168.103.163","172.217.14.170","TCP","66","50453  >  443 [ACK] Seq=2751 Ack=75448 Win=2041 Len=0 TSval=300171988 TSecr=2192213826"
"601","12.573676","192.168.103.163","172.217.14.170","TCP","66","50453  >  443 [ACK] Seq=2751 Ack=75487 Win=2040 Len=0 TSval=300171988 TSecr=2192213826"
"602","12.574292","192.168.103.163","172.217.14.170","TLSv1.2","105","Application Data"
"603","12.618505","172.217.14.170","192.168.103.163","TCP","66","443  >  50453 [ACK] Seq=75487 Ack=2790 Win=315 Len=0 TSval=2192213852 TSecr=300171988"
"604","12.650813","fe80::141a:c4bd:9987:e3ee","ff02::fb","MDNS","285","Standard query response 0x0000 TXT, cache flush PTR 80:82:23:55:46:91@fe80::8282:23ff:fe55:4691._apple-mobdev2._tcp.local PTR 80:82:23:55:46:91@fe80::8282:23ff:fe55:4691._apple-mobdev2._tcp.local SRV, cache flush 0 0 32498 iPhone-X-de-Luis.local NSEC, cache flush 80:82:23:55:46:91@fe80::8282:23ff:fe55:4691._apple-mobdev2._tcp.local OPT"
"605","12.855515","192.168.103.92","224.0.0.22","IGMPv3","56","Membership Report / Join group 224.0.0.251 for any sources"
"606","12.856184","fe80::1025:d63a:7663:88b7","ff02::16","ICMPv6","130","Multicast Listener Report Message v2"
"607","12.965135","fe80::14a3:bc6a:3f55:75f1","ff02::fb","MDNS","371","Standard query 0x0000 PTR _companion-link._tcp.local, ""QM"" question PTR iPad de Luis Enrique B._companion-link._tcp.local PTR 000-i13-PRO-000._companion-link._tcp.local PTR e23482 IF-EFB2 03560._companion-link._tcp.local PTR iPad (66)._companion-link._tcp.local PTR Joeâ\200\231s Ipad (2)._companion-link._tcp.local PTR Jesse iPad 2._companion-link._tcp.local PTR Leviathan._companion-link._tcp.local PTR Chadâ\200\231s iPad._companion-link._tcp.local OPT"
"608","13.163206","fe80::1025:d63a:7663:88b7","ff02::2","ICMPv6","70","Router Solicitation from 38:89:2c:49:c0:6a"
"609","13.163693","fe80::141a:c4bd:9987:e3ee","ff02::fb","MDNS","189","Standard query response 0x0000 AAAA, cache flush fe80::141a:c4bd:9987:e3ee A, cache flush 192.168.102.200 NSEC, cache flush iPhone-X-de-Luis.local OPT"
"610","13.265487","fe80::1025:d63a:7663:88b7","ff02::fb","MDNS","362","Standard query 0x0000 PTR _companion-link._tcp.local, ""QM"" question PTR _homekit._tcp.local, ""QM"" question PTR iPad de Luis Enrique B._companion-link._tcp.local PTR iPad (66)._companion-link._tcp.local PTR Jesse iPad 2._companion-link._tcp.local PTR e23482 IF-EFB2 03560._companion-link._tcp.local PTR 000-i13-PRO-000._companion-link._tcp.local PTR Chadâ\200\231s iPad._companion-link._tcp.local PTR Joeâ\200\231s Ipad (2)._companion-link._tcp.local OPT"
"611","13.440441","192.168.103.163","224.0.0.251","MDNS","437","Standard query response 0x0000 PTR Leviathan._companion-link._tcp.local TXT TXT, cache flush SRV, cache flush 0 0 49441 Leviathan.local AAAA, cache flush fe80::819:c2ea:23e2:a775 A, cache flush 192.168.103.163 NSEC, cache flush Leviathan._companion-link._tcp.local NSEC, cache flush Leviathan.local"
"612","13.440441","fe80::819:c2ea:23e2:a775","ff02::fb","MDNS","457","Standard query response 0x0000 PTR Leviathan._companion-link._tcp.local TXT TXT, cache flush SRV, cache flush 0 0 49441 Leviathan.local AAAA, cache flush fe80::819:c2ea:23e2:a775 A, cache flush 192.168.103.163 NSEC, cache flush Leviathan._companion-link._tcp.local NSEC, cache flush Leviathan.local"
"613","13.572283","fe80::f88d:95ff:fec6:3bc6","ff02::fb","MDNS","123","Standard query 0x0118 PTR _CA5E8412._sub._googlecast._tcp.local, ""QM"" question PTR _googlecast._tcp.local, ""QM"" question"
"614","13.982667","fe80::141a:c4bd:9987:e3ee","ff02::fb","MDNS","482","Standard query response 0x0000 TXT, cache flush PTR _apple-mobdev2._tcp.local PTR 80:82:23:55:46:91@fe80::8282:23ff:fe55:4691._apple-mobdev2._tcp.local PTR 80:82:23:55:46:91@fe80::8282:23ff:fe55:4691._apple-mobdev2._tcp.local PTR, cache flush iPhone-X-de-Luis.local PTR, cache flush iPhone-X-de-Luis.local SRV, cache flush 0 0 32498 iPhone-X-de-Luis.local NSEC, cache flush 80:82:23:55:46:91@fe80::8282:23ff:fe55:4691._apple-mobdev2._tcp.local NSEC, cache flush E.E.3.E.7.8.9.9.D.B.4.C.A.1.4.1.0.0.0.0.0.0.0.0.0.0.0.0.0.8.E.F.ip6.arpa NSEC, cache flush 200.102.168.192.in-addr.arpa OPT"
"615","14.285171","Apple_b0:6c:11","Broadcast","LLC","56","S P, func=RNR, N(R)=64; DSAP NULL LSAP Individual, SSAP NULL LSAP Command"
"616","14.494005","::","ff02::1:ff93:9769","ICMPv6","86","Neighbor Solicitation for fe80::1c9c:bc4e:7d93:9769"
"617","14.494505","fe80::1c9c:bc4e:7d93:9769","ff02::2","ICMPv6","62","Router Solicitation"
"618","14.495234","Apple_b0:6c:11","Broadcast","ARP","56","ARP Announcement for 192.168.102.202"
"619","14.596494","fe80::1c9c:bc4e:7d93:9769","ff02::fb","MDNS","174","Standard query 0x0000 PTR _companion-link._tcp.local, ""QU"" question PTR _homekit._tcp.local, ""QU"" question PTR _sleep-proxy._udp.local, ""QU"" question OPT"
"620","14.597244","fe80::1c9c:bc4e:7d93:9769","ff02::fb","MDNS","280","Standard query response 0x0000 PTR, cache flush Jamess-iPad.local PTR, cache flush Jamess-iPad.local NSEC, cache flush 9.6.7.9.3.9.D.7.E.4.C.B.C.9.C.1.0.0.0.0.0.0.0.0.0.0.0.0.0.8.E.F.ip6.arpa NSEC, cache flush 202.102.168.192.in-addr.arpa OPT"
"621","14.597660","Apple_b0:6c:11","Broadcast","ARP","56","Who has 192.168.100.1? Tell 192.168.102.202"
"622","14.712423","fe80::819:c2ea:23e2:a775","fe80::1c9c:bc4e:7d93:9769","MDNS","416","Standard query response 0x0000 PTR Leviathan._companion-link._tcp.local SRV, cache flush 0 0 49441 Leviathan.local TXT, cache flush TXT AAAA, cache flush fe80::819:c2ea:23e2:a775 A, cache flush 192.168.103.163"
